year,round,circuit,driver,constructor,quali_position
2000,1,albert_park,hakkinen,mclaren,1
2000,1,albert_park,coulthard,mclaren,2
2000,1,albert_park,michael_schumacher,ferrari,3
2000,1,albert_park,barrichello,ferrari,4
2000,1,albert_park,frentzen,jordan,5
2000,1,albert_park,trulli,jordan,6
2000,1,albert_park,irvine,jaguar,7
2000,1,albert_park,villeneuve,bar,8
2000,1,albert_park,fisichella,benetton,9
2000,1,albert_park,salo,sauber,10
2000,1,albert_park,ralf_schumacher,williams,11
2000,1,albert_park,rosa,arrows,12
2000,1,albert_park,verstappen,arrows,13
2000,1,albert_park,wurz,benetton,14
2000,1,albert_park,heidfeld,prost,15
2000,1,albert_park,zonta,bar,16
2000,1,albert_park,alesi,prost,17
2000,1,albert_park,gene,minardi,18
2000,1,albert_park,diniz,sauber,19
2000,1,albert_park,herbert,jaguar,20
2000,1,albert_park,button,williams,21
2000,1,albert_park,mazzacane,minardi,22
2000,3,imola,hakkinen,mclaren,1
2000,3,imola,michael_schumacher,ferrari,2
2000,3,imola,coulthard,mclaren,3
2000,3,imola,barrichello,ferrari,4
2000,3,imola,ralf_schumacher,williams,5
2000,3,imola,frentzen,jordan,6
2000,3,imola,irvine,jaguar,7
2000,3,imola,trulli,jordan,8
2000,3,imola,villeneuve,bar,9
2000,3,imola,diniz,sauber,10
2000,3,imola,wurz,benetton,11
2000,3,imola,salo,sauber,12
2000,3,imola,rosa,arrows,13
2000,3,imola,zonta,bar,14
2000,3,imola,alesi,prost,15
2000,3,imola,verstappen,arrows,16
2000,3,imola,herbert,jaguar,17
2000,3,imola,button,williams,18
2000,3,imola,fisichella,benetton,19
2000,3,imola,mazzacane,minardi,20
2000,3,imola,gene,minardi,21
2000,3,imola,heidfeld,prost,22
2000,4,silverstone,barrichello,ferrari,1
2000,4,silverstone,frentzen,jordan,2
2000,4,silverstone,hakkinen,mclaren,3
2000,4,silverstone,coulthard,mclaren,4
2000,4,silverstone,michael_schumacher,ferrari,5
2000,4,silverstone,button,williams,6
2000,4,silverstone,ralf_schumacher,williams,7
2000,4,silverstone,verstappen,arrows,8
2000,4,silverstone,irvine,jaguar,9
2000,4,silverstone,villeneuve,bar,10
2000,4,silverstone,trulli,jordan,11
2000,4,silverstone,fisichella,benetton,12
2000,4,silverstone,diniz,sauber,13
2000,4,silverstone,herbert,jaguar,14
2000,4,silverstone,alesi,prost,15
2000,4,silverstone,zonta,bar,16
2000,4,silverstone,heidfeld,prost,17
2000,4,silverstone,salo,sauber,18
2000,4,silverstone,rosa,arrows,19
2000,4,silverstone,wurz,benetton,20
2000,4,silverstone,gene,minardi,21
2000,4,silverstone,mazzacane,minardi,22
2000,16,suzuka,michael_schumacher,ferrari,1
2000,16,suzuka,hakkinen,mclaren,2
2000,16,suzuka,coulthard,mclaren,3
2000,16,suzuka,barrichello,ferrari,4
2000,16,suzuka,button,williams,5
2000,16,suzuka,ralf_schumacher,williams,6
2000,16,suzuka,irvine,jaguar,7
2000,16,suzuka,frentzen,jordan,8
2000,16,suzuka,villeneuve,bar,9
2000,16,suzuka,herbert,jaguar,10
2000,16,suzuka,wurz,benetton,11
2000,16,suzuka,fisichella,benetton,12
2000,16,suzuka,rosa,arrows,13
2000,16,suzuka,verstappen,arrows,14
2000,16,suzuka,trulli,jordan,15
2000,16,suzuka,heidfeld,prost,16
2000,16,suzuka,alesi,prost,17
2000,16,suzuka,zonta,bar,18
2000,16,suzuka,salo,sauber,19
2000,16,suzuka,diniz,sauber,20
2000,16,suzuka,gene,minardi,21
2000,16,suzuka,mazzacane,minardi,22
2001,16,indianapolis,michael_schumacher,ferrari,1
2001,16,indianapolis,ralf_schumacher,williams,2
2001,16,indianapolis,montoya,williams,3
2001,16,indianapolis,hakkinen,mclaren,4
2001,16,indianapolis,barrichello,ferrari,5
2001,16,indianapolis,heidfeld,sauber,6
2001,16,indianapolis,coulthard,mclaren,7
2001,16,indianapolis,trulli,jordan,8
2001,16,indianapolis,alesi,jordan,9
2001,16,indianapolis,button,benetton,10
2001,16,indianapolis,raikkonen,sauber,11
2001,16,indianapolis,fisichella,benetton,12
2001,16,indianapolis,panis,bar,13
2001,16,indianapolis,irvine,jaguar,14
2001,16,indianapolis,frentzen,prost,15
2001,16,indianapolis,rosa,jaguar,16
2001,16,indianapolis,alonso,minardi,17
2001,16,indianapolis,villeneuve,bar,18
2001,16,indianapolis,bernoldi,arrows,19
2001,16,indianapolis,verstappen,arrows,20
2001,16,indianapolis,enge,prost,21
2001,16,indianapolis,yoong,minardi,22
2002,2,sepang,michael_schumacher,ferrari,1
2002,2,sepang,montoya,williams,2
2002,2,sepang,barrichello,ferrari,3
2002,2,sepang,ralf_schumacher,williams,4
2002,2,sepang,raikkonen,mclaren,5
2002,2,sepang,coulthard,mclaren,6
2002,2,sepang,heidfeld,sauber,7
2002,2,sepang,button,renault,8
2002,2,sepang,fisichella,jordan,9
2002,2,sepang,salo,toyota,10
2002,2,sepang,frentzen,arrows,11
2002,2,sepang,trulli,renault,12
2002,2,sepang,villeneuve,bar,13
2002,2,sepang,massa,sauber,14
2002,2,sepang,sato,jordan,15
2002,2,sepang,bernoldi,arrows,16
2002,2,sepang,rosa,jaguar,17
2002,2,sepang,panis,bar,18
2002,2,sepang,mcnish,toyota,19
2002,2,sepang,irvine,jaguar,20
2002,2,sepang,webber,minardi,21
2002,2,sepang,yoong,minardi,22
2002,17,suzuka,michael_schumacher,ferrari,1
2002,17,suzuka,barrichello,ferrari,2
2002,17,suzuka,coulthard,mclaren,3
2002,17,suzuka,raikkonen,mclaren,4
2002,17,suzuka,ralf_schumacher,williams,5
2002,17,suzuka,montoya,williams,6
2002,17,suzuka,sato,jordan,7
2002,17,suzuka,fisichella,jordan,8
2002,17,suzuka,villeneuve,bar,9
2002,17,suzuka,button,renault,10
2002,17,suzuka,trulli,renault,11
2002,17,suzuka,heidfeld,sauber,12
2002,17,suzuka,salo,toyota,13
2002,17,suzuka,irvine,jaguar,14
2002,17,suzuka,massa,sauber,15
2002,17,suzuka,panis,bar,16
2002,17,suzuka,rosa,jaguar,17
2002,17,suzuka,mcnish,toyota,18
2002,17,suzuka,webber,minardi,19
2002,17,suzuka,yoong,minardi,20
2003,1,albert_park,michael_schumacher,ferrari,1
2003,1,albert_park,barrichello,ferrari,2
2003,1,albert_park,montoya,williams,3
2003,1,albert_park,frentzen,sauber,4
2003,1,albert_park,panis,toyota,5
2003,1,albert_park,villeneuve,bar,6
2003,1,albert_park,heidfeld,sauber,7
2003,1,albert_park,button,bar,8
2003,1,albert_park,ralf_schumacher,williams,9
2003,1,albert_park,alonso,renault,10
2003,1,albert_park,coulthard,mclaren,11
2003,1,albert_park,trulli,renault,12
2003,1,albert_park,fisichella,jordan,13
2003,1,albert_park,webber,jaguar,14
2003,1,albert_park,raikkonen,mclaren,15
2003,1,albert_park,matta,toyota,16
2003,1,albert_park,firman,jordan,17
2003,1,albert_park,pizzonia,jaguar,18
2003,1,albert_park,wilson,minardi,19
2003,1,albert_park,verstappen,minardi,20
2003,2,sepang,alonso,renault,1
2003,2,sepang,trulli,renault,2
2003,2,sepang,michael_schumacher,ferrari,3
2003,2,sepang,coulthard,mclaren,4
2003,2,sepang,barrichello,ferrari,5
2003,2,sepang,heidfeld,sauber,6
2003,2,sepang,raikkonen,mclaren,7
2003,2,sepang,montoya,williams,8
2003,2,sepang,button,bar,9
2003,2,sepang,panis,toyota,10
2003,2,sepang,matta,toyota,11
2003,2,sepang,villeneuve,bar,12
2003,2,sepang,frentzen,sauber,13
2003,2,sepang,fisichella,jordan,14
2003,2,sepang,pizzonia,jaguar,15
2003,2,sepang,webber,jaguar,16
2003,2,sepang,ralf_schumacher,williams,17
2003,2,sepang,verstappen,minardi,18
2003,2,sepang,wilson,minardi,19
2003,2,sepang,firman,jordan,20
2003,3,interlagos,barrichello,ferrari,1
2003,3,interlagos,coulthard,mclaren,2
2003,3,interlagos,webber,jaguar,3
2003,3,interlagos,raikkonen,mclaren,4
2003,3,interlagos,trulli,renault,5
2003,3,interlagos,ralf_schumacher,williams,6
2003,3,interlagos,michael_schumacher,ferrari,7
2003,3,interlagos,fisichella,jordan,8
2003,3,interlagos,montoya,williams,9
2003,3,interlagos,alonso,renault,10
2003,3,interlagos,button,bar,11
2003,3,interlagos,heidfeld,sauber,12
2003,3,interlagos,villeneuve,bar,13
2003,3,interlagos,frentzen,sauber,14
2003,3,interlagos,panis,toyota,15
2003,3,interlagos,firman,jordan,16
2003,3,interlagos,pizzonia,jaguar,17
2003,3,interlagos,matta,toyota,18
2003,3,interlagos,verstappen,minardi,19
2003,3,interlagos,wilson,minardi,20
2003,4,imola,michael_schumacher,ferrari,1
2003,4,imola,ralf_schumacher,williams,2
2003,4,imola,barrichello,ferrari,3
2003,4,imola,montoya,williams,4
2003,4,imola,webber,jaguar,5
2003,4,imola,raikkonen,mclaren,6
2003,4,imola,villeneuve,bar,7
2003,4,imola,alonso,renault,8
2003,4,imola,button,bar,9
2003,4,imola,panis,toyota,10
2003,4,imola,heidfeld,sauber,11
2003,4,imola,coulthard,mclaren,12
2003,4,imola,matta,toyota,13
2003,4,imola,frentzen,sauber,14
2003,4,imola,pizzonia,jaguar,15
2003,4,imola,trulli,renault,16
2003,4,imola,fisichella,jordan,17
2003,4,imola,wilson,minardi,18
2003,4,imola,firman,jordan,19
2003,4,imola,verstappen,minardi,20
2003,5,catalunya,michael_schumacher,ferrari,1
2003,5,catalunya,barrichello,ferrari,2
2003,5,catalunya,alonso,renault,3
2003,5,catalunya,trulli,renault,4
2003,5,catalunya,button,bar,5
2003,5,catalunya,panis,toyota,6
2003,5,catalunya,ralf_schumacher,williams,7
2003,5,catalunya,coulthard,mclaren,8
2003,5,catalunya,montoya,williams,9
2003,5,catalunya,frentzen,sauber,10
2003,5,catalunya,villeneuve,bar,11
2003,5,catalunya,webber,jaguar,12
2003,5,catalunya,matta,toyota,13
2003,5,catalunya,heidfeld,sauber,14
2003,5,catalunya,firman,jordan,15
2003,5,catalunya,pizzonia,jaguar,16
2003,5,catalunya,fisichella,jordan,17
2003,5,catalunya,wilson,minardi,18
2003,5,catalunya,verstappen,minardi,19
2003,5,catalunya,raikkonen,mclaren,20
2004,1,albert_park,michael_schumacher,ferrari,1
2004,1,albert_park,barrichello,ferrari,2
2004,1,albert_park,montoya,williams,3
2004,1,albert_park,button,bar,4
2004,1,albert_park,alonso,renault,5
2004,1,albert_park,webber,jaguar,6
2004,1,albert_park,sato,bar,7
2004,1,albert_park,ralf_schumacher,williams,8
2004,1,albert_park,trulli,renault,9
2004,1,albert_park,raikkonen,mclaren,10
2004,1,albert_park,massa,sauber,11
2004,1,albert_park,coulthard,mclaren,12
2004,1,albert_park,matta,toyota,13
2004,1,albert_park,fisichella,sauber,14
2004,1,albert_park,heidfeld,jordan,15
2004,1,albert_park,pantano,jordan,16
2004,1,albert_park,baumgartner,minardi,17
2004,1,albert_park,panis,toyota,18
2004,1,albert_park,klien,jaguar,19
2004,1,albert_park,bruni,minardi,20
2004,2,sepang,michael_schumacher,ferrari,1
2004,2,sepang,webber,jaguar,2
2004,2,sepang,barrichello,ferrari,3
2004,2,sepang,montoya,williams,4
2004,2,sepang,raikkonen,mclaren,5
2004,2,sepang,button,bar,6
2004,2,sepang,ralf_schumacher,williams,7
2004,2,sepang,trulli,renault,8
2004,2,sepang,coulthard,mclaren,9
2004,2,sepang,matta,toyota,10
2004,2,sepang,massa,sauber,11
2004,2,sepang,fisichella,sauber,12
2004,2,sepang,klien,jaguar,13
2004,2,sepang,panis,toyota,14
2004,2,sepang,heidfeld,jordan,15
2004,2,sepang,bruni,minardi,16
2004,2,sepang,baumgartner,minardi,17
2004,2,sepang,pantano,jordan,18
2004,2,sepang,alonso,renault,19
2004,2,sepang,sato,bar,20
2004,3,bahrain,michael_schumacher,ferrari,1
2004,3,bahrain,barrichello,ferrari,2
2004,3,bahrain,montoya,williams,3
2004,3,bahrain,ralf_schumacher,williams,4
2004,3,bahrain,sato,bar,5
2004,3,bahrain,button,bar,6
2004,3,bahrain,trulli,renault,7
2004,3,bahrain,panis,toyota,8
2004,3,bahrain,matta,toyota,9
2004,3,bahrain,coulthard,mclaren,10
2004,3,bahrain,fisichella,sauber,11
2004,3,bahrain,klien,jaguar,12
2004,3,bahrain,massa,sauber,13
2004,3,bahrain,webber,jaguar,14
2004,3,bahrain,heidfeld,jordan,15
2004,3,bahrain,pantano,jordan,16
2004,3,bahrain,alonso,renault,17
2004,3,bahrain,bruni,minardi,18
2004,3,bahrain,baumgartner,minardi,19
2004,3,bahrain,raikkonen,mclaren,20
2004,4,imola,button,bar,1
2004,4,imola,michael_schumacher,ferrari,2
2004,4,imola,montoya,williams,3
2004,4,imola,barrichello,ferrari,4
2004,4,imola,ralf_schumacher,williams,5
2004,4,imola,alonso,renault,6
2004,4,imola,sato,bar,7
2004,4,imola,webber,jaguar,8
2004,4,imola,trulli,renault,9
2004,4,imola,matta,toyota,10
2004,4,imola,coulthard,mclaren,11
2004,4,imola,massa,sauber,12
2004,4,imola,panis,toyota,13
2004,4,imola,klien,jaguar,14
2004,4,imola,pantano,jordan,15
2004,4,imola,heidfeld,jordan,16
2004,4,imola,bruni,minardi,17
2004,4,imola,baumgartner,minardi,18
2004,4,imola,fisichella,sauber,19
2004,4,imola,raikkonen,mclaren,20
2004,5,catalunya,michael_schumacher,ferrari,1
2004,5,catalunya,montoya,williams,2
2004,5,catalunya,sato,bar,3
2004,5,catalunya,trulli,renault,4
2004,5,catalunya,barrichello,ferrari,5
2004,5,catalunya,ralf_schumacher,williams,6
2004,5,catalunya,panis,toyota,7
2004,5,catalunya,alonso,renault,8
2004,5,catalunya,webber,jaguar,9
2004,5,catalunya,coulthard,mclaren,10
2004,5,catalunya,matta,toyota,11
2004,5,catalunya,fisichella,sauber,12
2004,5,catalunya,raikkonen,mclaren,13
2004,5,catalunya,button,bar,14
2004,5,catalunya,heidfeld,jordan,15
2004,5,catalunya,klien,jaguar,16
2004,5,catalunya,massa,sauber,17
2004,5,catalunya,bruni,minardi,18
2004,5,catalunya,pantano,jordan,19
2004,5,catalunya,baumgartner,minardi,20
2005,1,albert_park,fisichella,renault,1
2005,1,albert_park,trulli,toyota,2
2005,1,albert_park,webber,williams,3
2005,1,albert_park,villeneuve,sauber,4
2005,1,albert_park,coulthard,red_bull,5
2005,1,albert_park,klien,red_bull,6
2005,1,albert_park,heidfeld,williams,7
2005,1,albert_park,button,bar,8
2005,1,albert_park,montoya,mclaren,9
2005,1,albert_park,raikkonen,mclaren,10
2005,1,albert_park,barrichello,ferrari,11
2005,1,albert_park,karthikeyan,jordan,12
2005,1,albert_park,alonso,renault,13
2005,1,albert_park,monteiro,jordan,14
2005,1,albert_park,ralf_schumacher,toyota,15
2005,1,albert_park,friesacher,minardi,16
2005,1,albert_park,albers,minardi,17
2005,1,albert_park,michael_schumacher,ferrari,18
2005,1,albert_park,sato,bar,19
2005,1,albert_park,massa,sauber,20
2005,2,sepang,alonso,renault,1
2005,2,sepang,trulli,toyota,2
2005,2,sepang,fisichella,renault,3
2005,2,sepang,webber,williams,4
2005,2,sepang,ralf_schumacher,toyota,5
2005,2,sepang,raikkonen,mclaren,6
2005,2,sepang,klien,red_bull,7
2005,2,sepang,coulthard,red_bull,8
2005,2,sepang,button,bar,9
2005,2,sepang,heidfeld,williams,10
2005,2,sepang,montoya,mclaren,11
2005,2,sepang,barrichello,ferrari,12
2005,2,sepang,michael_schumacher,ferrari,13
2005,2,sepang,massa,sauber,14
2005,2,sepang,davidson,bar,15
2005,2,sepang,villeneuve,sauber,16
2005,2,sepang,karthikeyan,jordan,17
2005,2,sepang,monteiro,jordan,18
2005,2,sepang,friesacher,minardi,19
2005,2,sepang,albers,minardi,20
2005,3,bahrain,alonso,renault,1
2005,3,bahrain,michael_schumacher,ferrari,2
2005,3,bahrain,trulli,toyota,3
2005,3,bahrain,heidfeld,williams,4
2005,3,bahrain,webber,williams,5
2005,3,bahrain,ralf_schumacher,toyota,6
2005,3,bahrain,klien,red_bull,7
2005,3,bahrain,rosa,mclaren,8
2005,3,bahrain,raikkonen,mclaren,9
2005,3,bahrain,fisichella,renault,10
2005,3,bahrain,button,bar,11
2005,3,bahrain,massa,sauber,12
2005,3,bahrain,sato,bar,13
2005,3,bahrain,coulthard,red_bull,14
2005,3,bahrain,barrichello,ferrari,15
2005,3,bahrain,villeneuve,sauber,16
2005,3,bahrain,monteiro,jordan,17
2005,3,bahrain,karthikeyan,jordan,18
2005,3,bahrain,albers,minardi,19
2005,3,bahrain,friesacher,minardi,20
2005,4,imola,raikkonen,mclaren,1
2005,4,imola,alonso,renault,2
2005,4,imola,button,bar,3
2005,4,imola,webber,williams,4
2005,4,imola,trulli,toyota,5
2005,4,imola,sato,bar,6
2005,4,imola,wurz,mclaren,7
2005,4,imola,massa,sauber,8
2005,4,imola,heidfeld,williams,9
2005,4,imola,barrichello,ferrari,10
2005,4,imola,ralf_schumacher,toyota,11
2005,4,imola,villeneuve,sauber,12
2005,4,imola,fisichella,renault,13
2005,4,imola,michael_schumacher,ferrari,14
2005,4,imola,coulthard,red_bull,15
2005,4,imola,liuzzi,red_bull,16
2005,4,imola,karthikeyan,jordan,17
2005,4,imola,monteiro,jordan,18
2005,4,imola,friesacher,minardi,19
2005,4,imola,albers,minardi,20
2005,5,catalunya,raikkonen,mclaren,1
2005,5,catalunya,webber,williams,2
2005,5,catalunya,alonso,renault,3
2005,5,catalunya,ralf_schumacher,toyota,4
2005,5,catalunya,trulli,toyota,5
2005,5,catalunya,fisichella,renault,6
2005,5,catalunya,montoya,mclaren,7
2005,5,catalunya,michael_schumacher,ferrari,8
2005,5,catalunya,coulthard,red_bull,9
2005,5,catalunya,massa,sauber,10
2005,5,catalunya,liuzzi,red_bull,11
2005,5,catalunya,villeneuve,sauber,12
2005,5,catalunya,karthikeyan,jordan,13
2005,5,catalunya,monteiro,jordan,14
2005,5,catalunya,albers,minardi,15
2005,5,catalunya,friesacher,minardi,16
2005,5,catalunya,heidfeld,williams,17
2005,5,catalunya,barrichello,ferrari,18
2005,6,monaco,raikkonen,mclaren,1
2005,6,monaco,alonso,renault,2
2006,1,bahrain,michael_schumacher,ferrari,1
2006,1,bahrain,massa,ferrari,2
2006,1,bahrain,button,honda,3
2006,1,bahrain,alonso,renault,4
2006,1,bahrain,montoya,mclaren,5
2006,1,bahrain,barrichello,honda,6
2006,1,bahrain,webber,williams,7
2006,1,bahrain,klien,red_bull,8
2006,1,bahrain,fisichella,renault,9
2006,1,bahrain,heidfeld,bmw_sauber,10
2006,1,bahrain,villeneuve,bmw_sauber,11
2006,1,bahrain,rosberg,williams,12
2006,1,bahrain,coulthard,red_bull,13
2006,1,bahrain,trulli,toyota,14
2006,1,bahrain,liuzzi,toro_rosso,15
2006,1,bahrain,speed,toro_rosso,16
2006,1,bahrain,ralf_schumacher,toyota,17
2006,1,bahrain,albers,mf1,18
2006,1,bahrain,monteiro,mf1,19
2006,1,bahrain,sato,super_aguri,20
2006,1,bahrain,ide,super_aguri,21
2006,1,bahrain,raikkonen,mclaren,22
2006,2,sepang,fisichella,renault,1
2006,2,sepang,button,honda,2
2006,2,sepang,rosberg,williams,3
2006,2,sepang,michael_schumacher,ferrari,4
2006,2,sepang,webber,williams,5
2006,2,sepang,montoya,mclaren,6
2006,2,sepang,raikkonen,mclaren,7
2006,2,sepang,alonso,renault,8
2006,2,sepang,klien,red_bull,9
2006,2,sepang,ralf_schumacher,toyota,10
2006,2,sepang,coulthard,red_bull,11
2006,2,sepang,barrichello,honda,12
2006,2,sepang,trulli,toyota,13
2006,2,sepang,villeneuve,bmw_sauber,14
2006,2,sepang,heidfeld,bmw_sauber,15
2006,2,sepang,massa,ferrari,16
2006,2,sepang,speed,toro_rosso,17
2006,2,sepang,liuzzi,toro_rosso,18
2006,2,sepang,albers,mf1,19
2006,2,sepang,monteiro,mf1,20
2006,2,sepang,sato,super_aguri,21
2006,2,sepang,ide,super_aguri,22
2006,3,albert_park,button,honda,1
2006,3,albert_park,fisichella,renault,2
2006,3,albert_park,alonso,renault,3
2006,3,albert_park,raikkonen,mclaren,4
2006,3,albert_park,montoya,mclaren,5
2006,3,albert_park,ralf_schumacher,toyota,6
2006,3,albert_park,webber,williams,7
2006,3,albert_park,heidfeld,bmw_sauber,8
2006,3,albert_park,villeneuve,bmw_sauber,9
2006,3,albert_park,trulli,toyota,10
2006,3,albert_park,michael_schumacher,ferrari,11
2006,3,albert_park,coulthard,red_bull,12
2006,3,albert_park,liuzzi,toro_rosso,13
2006,3,albert_park,klien,red_bull,14
2006,3,albert_park,rosberg,williams,15
2006,3,albert_park,massa,ferrari,16
2006,3,albert_park,barrichello,honda,17
2006,3,albert_park,albers,mf1,18
2006,3,albert_park,speed,toro_rosso,19
2006,3,albert_park,monteiro,mf1,20
2006,3,albert_park,sato,super_aguri,21
2006,3,albert_park,ide,super_aguri,22
2006,4,imola,michael_schumacher,ferrari,1
2006,4,imola,button,honda,2
2006,4,imola,barrichello,honda,3
2006,4,imola,massa,ferrari,4
2006,4,imola,alonso,renault,5
2006,4,imola,ralf_schumacher,toyota,6
2006,4,imola,montoya,mclaren,7
2006,4,imola,raikkonen,mclaren,8
2006,4,imola,trulli,toyota,9
2006,4,imola,webber,williams,10
2006,4,imola,fisichella,renault,11
2006,4,imola,villeneuve,bmw_sauber,12
2006,4,imola,rosberg,williams,13
2006,4,imola,coulthard,red_bull,14
2006,4,imola,heidfeld,bmw_sauber,15
2006,4,imola,liuzzi,toro_rosso,16
2006,4,imola,klien,red_bull,17
2006,4,imola,speed,toro_rosso,18
2006,4,imola,monteiro,mf1,19
2006,4,imola,albers,mf1,20
2006,4,imola,sato,super_aguri,21
2006,4,imola,ide,super_aguri,22
2006,5,nurburgring,alonso,renault,1
2006,5,nurburgring,michael_schumacher,ferrari,2
2006,5,nurburgring,massa,ferrari,3
2006,5,nurburgring,barrichello,honda,4
2006,5,nurburgring,raikkonen,mclaren,5
2006,5,nurburgring,button,honda,6
2006,5,nurburgring,trulli,toyota,7
2006,5,nurburgring,villeneuve,bmw_sauber,8
2006,5,nurburgring,montoya,mclaren,9
2006,5,nurburgring,webber,williams,10
2006,5,nurburgring,ralf_schumacher,toyota,11
2006,5,nurburgring,rosberg,williams,12
2007,1,albert_park,raikkonen,ferrari,1
2007,1,albert_park,alonso,mclaren,2
2007,1,albert_park,heidfeld,bmw_sauber,3
2007,1,albert_park,hamilton,mclaren,4
2007,1,albert_park,kubica,bmw_sauber,5
2007,1,albert_park,fisichella,renault,6
2007,1,albert_park,webber,red_bull,7
2007,1,albert_park,trulli,toyota,8
2007,1,albert_park,ralf_schumacher,toyota,9
2007,1,albert_park,sato,super_aguri,10
2007,1,albert_park,davidson,super_aguri,11
2007,1,albert_park,rosberg,williams,12
2007,1,albert_park,kovalainen,renault,13
2007,1,albert_park,button,honda,14
2007,1,albert_park,wurz,williams,15
2007,1,albert_park,massa,ferrari,16
2007,1,albert_park,barrichello,honda,17
2007,1,albert_park,speed,toro_rosso,18
2007,1,albert_park,coulthard,red_bull,19
2007,1,albert_park,liuzzi,toro_rosso,20
2007,1,albert_park,sutil,spyker,21
2007,1,albert_park,albers,spyker,22
2007,2,sepang,massa,ferrari,1
2007,2,sepang,alonso,mclaren,2
2007,2,sepang,raikkonen,ferrari,3
2007,2,sepang,hamilton,mclaren,4
2007,2,sepang,heidfeld,bmw_sauber,5
2007,2,sepang,rosberg,williams,6
2007,2,sepang,kubica,bmw_sauber,7
2007,2,sepang,trulli,toyota,8
2007,2,sepang,ralf_schumacher,toyota,9
2007,2,sepang,webber,red_bull,10
2007,2,sepang,kovalainen,renault,11
2007,2,sepang,fisichella,renault,12
2007,2,sepang,coulthard,red_bull,13
2007,2,sepang,sato,super_aguri,14
2007,2,sepang,button,honda,15
2007,2,sepang,liuzzi,toro_rosso,16
2007,2,sepang,speed,toro_rosso,17
2007,2,sepang,davidson,super_aguri,18
2007,2,sepang,barrichello,honda,19
2007,2,sepang,wurz,williams,20
2007,2,sepang,albers,spyker,21
2007,2,sepang,sutil,spyker,22
2007,3,bahrain,massa,ferrari,1
2007,3,bahrain,hamilton,mclaren,2
2007,3,bahrain,raikkonen,ferrari,3
2007,3,bahrain,alonso,mclaren,4
2007,3,bahrain,heidfeld,bmw_sauber,5
2007,3,bahrain,kubica,bmw_sauber,6
2007,3,bahrain,fisichella,renault,7
2007,3,bahrain,webber,red_bull,8
2007,3,bahrain,trulli,toyota,9
2007,3,bahrain,rosberg,williams,10
2007,3,bahrain,wurz,williams,11
2007,3,bahrain,kovalainen,renault,12
2007,3,bahrain,davidson,super_aguri,13
2007,3,bahrain,ralf_schumacher,toyota,14
2007,3,bahrain,barrichello,honda,15
2007,3,bahrain,button,honda,16
2007,3,bahrain,sato,super_aguri,17
2007,3,bahrain,liuzzi,toro_rosso,18
2007,3,bahrain,speed,toro_rosso,19
2007,3,bahrain,sutil,spyker,20
2007,3,bahrain,coulthard,red_bull,21
2007,3,bahrain,albers,spyker,22
2007,4,catalunya,massa,ferrari,1
2007,4,catalunya,alonso,mclaren,2
2007,4,catalunya,raikkonen,ferrari,3
2007,4,catalunya,hamilton,mclaren,4
2007,4,catalunya,kubica,bmw_sauber,5
2007,4,catalunya,trulli,toyota,6
2007,4,catalunya,heidfeld,bmw_sauber,7
2007,4,catalunya,kovalainen,renault,8
2007,4,catalunya,coulthard,red_bull,9
2007,4,catalunya,fisichella,renault,10
2007,4,catalunya,rosberg,williams,11
2007,4,catalunya,barrichello,honda,12
2007,4,catalunya,sato,super_aguri,13
2007,4,catalunya,button,honda,14
2007,4,catalunya,davidson,super_aguri,15
2007,4,catalunya,liuzzi,toro_rosso,16
2007,4,catalunya,ralf_schumacher,toyota,17
2007,4,catalunya,wurz,williams,18
2007,4,catalunya,webber,red_bull,19
2007,4,catalunya,sutil,spyker,20
2007,4,catalunya,albers,spyker,21
2007,4,catalunya,speed,toro_rosso,22
2007,5,monaco,alonso,mclaren,1
2007,5,monaco,hamilton,mclaren,2
2007,5,monaco,massa,ferrari,3
2007,5,monaco,fisichella,renault,4
2007,5,monaco,rosberg,williams,5
2007,5,monaco,webber,red_bull,6
2007,5,monaco,heidfeld,bmw_sauber,7
2007,5,monaco,kubica,bmw_sauber,8
2007,5,monaco,barrichello,honda,9
2007,5,monaco,button,honda,10
2007,5,monaco,wurz,williams,11
2007,5,monaco,liuzzi,toro_rosso,12
2008,1,albert_park,hamilton,mclaren,1
2008,1,albert_park,kubica,bmw_sauber,2
2008,1,albert_park,kovalainen,mclaren,3
2008,1,albert_park,massa,ferrari,4
2008,1,albert_park,heidfeld,bmw_sauber,5
2008,1,albert_park,trulli,toyota,6
2008,1,albert_park,rosberg,williams,7
2008,1,albert_park,coulthard,red_bull,8
2008,1,albert_park,glock,toyota,9
2008,1,albert_park,vettel,toro_rosso,10
2008,1,albert_park,barrichello,honda,11
2008,1,albert_park,alonso,renault,12
2008,1,albert_park,button,honda,13
2008,1,albert_park,nakajima,williams,14
2008,1,albert_park,webber,red_bull,15
2008,1,albert_park,raikkonen,ferrari,16
2008,1,albert_park,fisichella,force_india,17
2008,1,albert_park,bourdais,toro_rosso,18
2008,1,albert_park,sutil,force_india,19
2008,1,albert_park,sato,super_aguri,20
2008,1,albert_park,piquet_jr,renault,21
2008,1,albert_park,davidson,super_aguri,22
2008,2,sepang,massa,ferrari,1
2008,2,sepang,raikkonen,ferrari,2
2008,2,sepang,kovalainen,mclaren,3
2008,2,sepang,hamilton,mclaren,4
2008,2,sepang,trulli,toyota,5
2008,2,sepang,kubica,bmw_sauber,6
2008,2,sepang,heidfeld,bmw_sauber,7
2008,2,sepang,webber,red_bull,8
2008,2,sepang,alonso,renault,9
2008,2,sepang,glock,toyota,10
2008,2,sepang,button,honda,11
2008,2,sepang,coulthard,red_bull,12
2008,2,sepang,piquet_jr,renault,13
2008,2,sepang,barrichello,honda,14
2008,2,sepang,vettel,toro_rosso,15
2008,2,sepang,rosberg,williams,16
2008,2,sepang,fisichella,force_india,17
2008,2,sepang,nakajima,williams,18
2008,2,sepang,bourdais,toro_rosso,19
2008,2,sepang,sato,super_aguri,20
2008,2,sepang,sutil,force_india,21
2008,2,sepang,davidson,super_aguri,22
2008,3,bahrain,kubica,bmw_sauber,1
2008,3,bahrain,massa,ferrari,2
2008,3,bahrain,hamilton,mclaren,3
2008,3,bahrain,raikkonen,ferrari,4
2008,3,bahrain,kovalainen,mclaren,5
2008,3,bahrain,heidfeld,bmw_sauber,6
2008,3,bahrain,trulli,toyota,7
2008,3,bahrain,rosberg,williams,8
2008,3,bahrain,button,honda,9
2008,3,bahrain,alonso,renault,10
2008,3,bahrain,webber,red_bull,11
2008,3,bahrain,barrichello,honda,12
2008,3,bahrain,glock,toyota,13
2008,3,bahrain,piquet_jr,renault,14
2008,3,bahrain,bourdais,toro_rosso,15
2008,3,bahrain,nakajima,williams,16
2008,3,bahrain,coulthard,red_bull,17
2008,3,bahrain,fisichella,force_india,18
2008,3,bahrain,vettel,toro_rosso,19
2008,3,bahrain,sutil,force_india,20
2008,3,bahrain,davidson,super_aguri,21
2008,3,bahrain,sato,super_aguri,22
2008,4,catalunya,raikkonen,ferrari,1
2008,4,catalunya,alonso,renault,2
2008,4,catalunya,massa,ferrari,3
2008,4,catalunya,kubica,bmw_sauber,4
2008,4,catalunya,hamilton,mclaren,5
2008,4,catalunya,kovalainen,mclaren,6
2008,4,catalunya,webber,red_bull,7
2008,4,catalunya,trulli,toyota,8
2008,4,catalunya,heidfeld,bmw_sauber,9
2008,4,catalunya,piquet_jr,renault,10
2008,4,catalunya,barrichello,honda,11
2008,4,catalunya,nakajima,williams,12
2008,4,catalunya,button,honda,13
2008,4,catalunya,glock,toyota,14
2008,4,catalunya,rosberg,williams,15
2008,4,catalunya,bourdais,toro_rosso,16
2008,4,catalunya,coulthard,red_bull,17
2008,4,catalunya,vettel,toro_rosso,18
2008,4,catalunya,fisichella,force_india,19
2008,4,catalunya,sutil,force_india,20
2008,4,catalunya,davidson,super_aguri,21
2008,4,catalunya,sato,super_aguri,22
2008,5,istanbul,massa,ferrari,1
2008,5,istanbul,kovalainen,mclaren,2
2008,5,istanbul,hamilton,mclaren,3
2008,5,istanbul,raikkonen,ferrari,4
2008,5,istanbul,kubica,bmw_sauber,5
2008,5,istanbul,webber,red_bull,6
2008,5,istanbul,alonso,renault,7
2008,5,istanbul,trulli,toyota,8
2008,5,istanbul,heidfeld,bmw_sauber,9
2008,5,istanbul,coulthard,red_bull,10
2008,5,istanbul,rosberg,williams,11
2008,5,istanbul,barrichello,honda,12
2009,1,albert_park,button,brawn,1
2009,1,albert_park,barrichello,brawn,2
2009,1,albert_park,vettel,red_bull,3
2009,1,albert_park,kubica,bmw_sauber,4
2009,1,albert_park,rosberg,williams,5
2009,1,albert_park,glock,toyota,6
2009,1,albert_park,massa,ferrari,7
2009,1,albert_park,trulli,toyota,8
2009,1,albert_park,raikkonen,ferrari,9
2009,1,albert_park,webber,red_bull,10
2009,1,albert_park,heidfeld,bmw_sauber,11
2009,1,albert_park,alonso,renault,12
2009,1,albert_park,nakajima,williams,13
2009,1,albert_park,kovalainen,mclaren,14
2009,1,albert_park,hamilton,mclaren,15
2009,1,albert_park,buemi,toro_rosso,16
2009,1,albert_park,piquet_jr,renault,17
2009,1,albert_park,fisichella,force_india,18
2009,1,albert_park,sutil,force_india,19
2009,1,albert_park,bourdais,toro_rosso,20
2009,2,sepang,button,brawn,1
2009,2,sepang,trulli,toyota,2
2009,2,sepang,vettel,red_bull,3
2009,2,sepang,barrichello,brawn,4
2009,2,sepang,glock,toyota,5
2009,2,sepang,rosberg,williams,6
2009,2,sepang,webber,red_bull,7
2009,2,sepang,kubica,bmw_sauber,8
2009,2,sepang,raikkonen,ferrari,9
2009,2,sepang,alonso,renault,10
2009,2,sepang,heidfeld,bmw_sauber,11
2009,2,sepang,nakajima,williams,12
2009,2,sepang,hamilton,mclaren,13
2009,2,sepang,kovalainen,mclaren,14
2009,2,sepang,bourdais,toro_rosso,15
2009,2,sepang,massa,ferrari,16
2009,2,sepang,piquet_jr,renault,17
2009,2,sepang,fisichella,force_india,18
2009,2,sepang,sutil,force_india,19
2009,2,sepang,buemi,toro_rosso,20
2009,3,shanghai,vettel,red_bull,1
2009,3,shanghai,alonso,renault,2
2009,3,shanghai,webber,red_bull,3
2009,3,shanghai,barrichello,brawn,4
2009,3,shanghai,button,brawn,5
2009,3,shanghai,trulli,toyota,6
2009,3,shanghai,rosberg,williams,7
2009,3,shanghai,raikkonen,ferrari,8
2009,3,shanghai,hamilton,mclaren,9
2009,3,shanghai,buemi,toro_rosso,10
2009,3,shanghai,heidfeld,bmw_sauber,11
2009,3,shanghai,kovalainen,mclaren,12
2009,3,shanghai,massa,ferrari,13
2009,3,shanghai,glock,toyota,14
2009,3,shanghai,nakajima,williams,15
2009,3,shanghai,bourdais,toro_rosso,16
2009,3,shanghai,piquet_jr,renault,17
2009,3,shanghai,kubica,bmw_sauber,18
2009,3,shanghai,sutil,force_india,19
2009,3,shanghai,fisichella,force_india,20
2009,4,bahrain,trulli,toyota,1
2009,4,bahrain,glock,toyota,2
2009,4,bahrain,vettel,red_bull,3
2009,4,bahrain,button,brawn,4
2009,4,bahrain,hamilton,mclaren,5
2009,4,bahrain,barrichello,brawn,6
2009,4,bahrain,alonso,renault,7
2009,4,bahrain,massa,ferrari,8
2009,4,bahrain,rosberg,williams,9
2009,4,bahrain,raikkonen,ferrari,10
2009,4,bahrain,kovalainen,mclaren,11
2009,4,bahrain,nakajima,williams,12
2009,4,bahrain,kubica,bmw_sauber,13
2009,4,bahrain,heidfeld,bmw_sauber,14
2009,4,bahrain,piquet_jr,renault,15
2009,4,bahrain,sutil,force_india,16
2009,4,bahrain,buemi,toro_rosso,17
2009,4,bahrain,fisichella,force_india,18
2009,4,bahrain,webber,red_bull,19
2009,4,bahrain,bourdais,toro_rosso,20
2009,5,catalunya,button,brawn,1
2009,5,catalunya,vettel,red_bull,2
2009,5,catalunya,barrichello,brawn,3
2009,5,catalunya,massa,ferrari,4
2009,5,catalunya,webber,red_bull,5
2009,5,catalunya,glock,toyota,6
2009,5,catalunya,trulli,toyota,7
2009,5,catalunya,alonso,renault,8
2009,5,catalunya,rosberg,williams,9
2009,5,catalunya,kubica,bmw_sauber,10
2009,5,catalunya,nakajima,williams,11
2009,5,catalunya,piquet_jr,renault,12
2009,5,catalunya,heidfeld,bmw_sauber,13
2009,5,catalunya,hamilton,mclaren,14
2009,5,catalunya,buemi,toro_rosso,15
2009,5,catalunya,raikkonen,ferrari,16
2009,5,catalunya,bourdais,toro_rosso,17
2009,5,catalunya,kovalainen,mclaren,18
2009,5,catalunya,sutil,force_india,19
2009,5,catalunya,fisichella,force_india,20
2010,1,bahrain,vettel,red_bull,1
2010,1,bahrain,massa,ferrari,2
2010,1,bahrain,alonso,ferrari,3
2010,1,bahrain,hamilton,mclaren,4
2010,1,bahrain,rosberg,mercedes,5
2010,1,bahrain,webber,red_bull,6
2010,1,bahrain,michael_schumacher,mercedes,7
2010,1,bahrain,button,mclaren,8
2010,1,bahrain,kubica,renault,9
2010,1,bahrain,sutil,force_india,10
2010,1,bahrain,barrichello,williams,11
2010,1,bahrain,liuzzi,force_india,12
2010,1,bahrain,hulkenberg,williams,13
2010,1,bahrain,rosa,sauber,14
2010,1,bahrain,buemi,toro_rosso,15
2010,1,bahrain,kobayashi,sauber,16
2010,1,bahrain,petrov,renault,17
2010,1,bahrain,alguersuari,toro_rosso,18
2010,1,bahrain,glock,virgin,19
2010,1,bahrain,trulli,lotus_racing,20
2010,1,bahrain,kovalainen,lotus_racing,21
2010,1,bahrain,grassi,virgin,22
2010,1,bahrain,bruno_senna,hrt,23
2010,1,bahrain,chandhok,hrt,24
2010,2,albert_park,vettel,red_bull,1
2010,2,albert_park,webber,red_bull,2
2010,2,albert_park,alonso,ferrari,3
2010,2,albert_park,button,mclaren,4
2010,2,albert_park,massa,ferrari,5
2010,2,albert_park,rosberg,mercedes,6
2010,2,albert_park,michael_schumacher,mercedes,7
2010,2,albert_park,barrichello,williams,8
2010,2,albert_park,kubica,renault,9
2010,2,albert_park,sutil,force_india,10
2010,2,albert_park,hamilton,mclaren,11
2010,2,albert_park,buemi,toro_rosso,12
2010,2,albert_park,liuzzi,force_india,13
2010,2,albert_park,rosa,sauber,14
2010,2,albert_park,hulkenberg,williams,15
2010,2,albert_park,kobayashi,sauber,16
2010,2,albert_park,alguersuari,toro_rosso,17
2010,2,albert_park,petrov,renault,18
2010,2,albert_park,kovalainen,lotus_racing,19
2010,2,albert_park,trulli,lotus_racing,20
2010,2,albert_park,glock,virgin,21
2010,2,albert_park,grassi,virgin,22
2010,2,albert_park,bruno_senna,hrt,23
2010,2,albert_park,chandhok,hrt,24
2010,3,sepang,webber,red_bull,1
2010,3,sepang,rosberg,mercedes,2
2010,3,sepang,vettel,red_bull,3
2010,3,sepang,sutil,force_india,4
2010,3,sepang,hulkenberg,williams,5
2010,3,sepang,kubica,renault,6
2010,3,sepang,barrichello,williams,7
2010,3,sepang,michael_schumacher,mercedes,8
2010,3,sepang,kobayashi,sauber,9
2010,3,sepang,liuzzi,force_india,10
2010,3,sepang,petrov,renault,11
2010,3,sepang,rosa,sauber,12
2010,3,sepang,buemi,toro_rosso,13
2010,3,sepang,alguersuari,toro_rosso,14
2010,3,sepang,kovalainen,lotus_racing,15
2010,3,sepang,glock,virgin,16
2010,3,sepang,button,mclaren,17
2010,3,sepang,trulli,lotus_racing,18
2010,3,sepang,alonso,ferrari,19
2010,3,sepang,hamilton,mclaren,20
2010,3,sepang,massa,ferrari,21
2010,3,sepang,chandhok,hrt,22
2010,3,sepang,bruno_senna,hrt,23
2010,3,sepang,grassi,virgin,24
2010,4,shanghai,vettel,red_bull,1
2010,4,shanghai,webber,red_bull,2
2010,4,shanghai,alonso,ferrari,3
2010,4,shanghai,rosberg,mercedes,4
2010,4,shanghai,button,mclaren,5
2010,4,shanghai,hamilton,mclaren,6
2010,4,shanghai,massa,ferrari,7
2010,4,shanghai,kubica,renault,8
2010,4,shanghai,michael_schumacher,mercedes,9
2010,4,shanghai,sutil,force_india,10
2010,4,shanghai,barrichello,williams,11
2010,4,shanghai,alguersuari,toro_rosso,12
2010,4,shanghai,buemi,toro_rosso,13
2010,4,shanghai,petrov,renault,14
2010,4,shanghai,kobayashi,sauber,15
2010,4,shanghai,hulkenberg,williams,16
2010,4,shanghai,rosa,sauber,17
2010,4,shanghai,liuzzi,force_india,18
2010,4,shanghai,glock,virgin,19
2010,4,shanghai,trulli,lotus_racing,20
2010,4,shanghai,kovalainen,lotus_racing,21
2010,4,shanghai,grassi,virgin,22
2010,4,shanghai,bruno_senna,hrt,23
2010,4,shanghai,chandhok,hrt,24
2010,5,catalunya,webber,red_bull,1
2010,5,catalunya,vettel,red_bull,2
2010,5,catalunya,hamilton,mclaren,3
2010,5,catalunya,alonso,ferrari,4
2011,1,albert_park,vettel,red_bull,1
2011,1,albert_park,hamilton,mclaren,2
2011,1,albert_park,webber,red_bull,3
2011,1,albert_park,button,mclaren,4
2011,1,albert_park,alonso,ferrari,5
2011,1,albert_park,petrov,renault,6
2011,1,albert_park,rosberg,mercedes,7
2011,1,albert_park,massa,ferrari,8
2011,1,albert_park,kobayashi,sauber,9
2011,1,albert_park,buemi,toro_rosso,10
2011,1,albert_park,michael_schumacher,mercedes,11
2011,1,albert_park,alguersuari,toro_rosso,12
2011,1,albert_park,perez,sauber,13
2011,1,albert_park,resta,force_india,14
2011,1,albert_park,maldonado,williams,15
2011,1,albert_park,sutil,force_india,16
2011,1,albert_park,barrichello,williams,17
2011,1,albert_park,heidfeld,renault,18
2011,1,albert_park,kovalainen,lotus_racing,19
2011,1,albert_park,trulli,lotus_racing,20
2011,1,albert_park,glock,virgin,21
2011,1,albert_park,ambrosio,virgin,22
2011,1,albert_park,liuzzi,hrt,23
2011,1,albert_park,karthikeyan,hrt,24
2011,2,sepang,vettel,red_bull,1
2011,2,sepang,hamilton,mclaren,2
2011,2,sepang,webber,red_bull,3
2011,2,sepang,button,mclaren,4
2011,2,sepang,alonso,ferrari,5
2011,2,sepang,heidfeld,renault,6
2011,2,sepang,massa,ferrari,7
2011,2,sepang,petrov,renault,8
2011,2,sepang,rosberg,mercedes,9
2011,2,sepang,kobayashi,sauber,10
2011,2,sepang,michael_schumacher,mercedes,11
2011,2,sepang,buemi,toro_rosso,12
2011,2,sepang,alguersuari,toro_rosso,13
2011,2,sepang,resta,force_india,14
2011,2,sepang,barrichello,williams,15
2011,2,sepang,perez,sauber,16
2011,2,sepang,sutil,force_india,17
2011,2,sepang,maldonado,williams,18
2011,2,sepang,kovalainen,lotus_racing,19
2011,2,sepang,trulli,lotus_racing,20
2011,2,sepang,glock,virgin,21
2011,2,sepang,ambrosio,virgin,22
2011,2,sepang,liuzzi,hrt,23
2011,2,sepang,karthikeyan,hrt,24
2011,3,shanghai,vettel,red_bull,1
2011,3,shanghai,button,mclaren,2
2011,3,shanghai,hamilton,mclaren,3
2011,3,shanghai,rosberg,mercedes,4
2011,3,shanghai,alonso,ferrari,5
2011,3,shanghai,massa,ferrari,6
2011,3,shanghai,alguersuari,toro_rosso,7
2011,3,shanghai,resta,force_india,8
2011,3,shanghai,buemi,toro_rosso,9
2011,3,shanghai,petrov,renault,10
2011,3,shanghai,sutil,force_india,11
2011,3,shanghai,perez,sauber,12
2011,3,shanghai,kobayashi,sauber,13
2011,3,shanghai,michael_schumacher,mercedes,14
2011,3,shanghai,barrichello,williams,15
2011,3,shanghai,heidfeld,renault,16
2011,3,shanghai,maldonado,williams,17
2011,3,shanghai,webber,red_bull,18
2011,3,shanghai,kovalainen,lotus_racing,19
2011,3,shanghai,trulli,lotus_racing,20
2011,3,shanghai,ambrosio,virgin,21
2011,3,shanghai,glock,virgin,22
2011,3,shanghai,liuzzi,hrt,23
2011,3,shanghai,karthikeyan,hrt,24
2011,4,istanbul,vettel,red_bull,1
2011,4,istanbul,webber,red_bull,2
2011,4,istanbul,rosberg,mercedes,3
2011,4,istanbul,hamilton,mclaren,4
2011,4,istanbul,alonso,ferrari,5
2011,4,istanbul,button,mclaren,6
2011,4,istanbul,petrov,renault,7
2011,4,istanbul,michael_schumacher,mercedes,8
2011,4,istanbul,heidfeld,renault,9
2011,4,istanbul,massa,ferrari,10
2011,4,istanbul,barrichello,williams,11
2011,4,istanbul,sutil,force_india,12
2011,4,istanbul,resta,force_india,13
2011,4,istanbul,maldonado,williams,14
2011,4,istanbul,perez,sauber,15
2011,4,istanbul,buemi,toro_rosso,16
2011,4,istanbul,alguersuari,toro_rosso,17
2011,4,istanbul,kovalainen,lotus_racing,18
2011,4,istanbul,trulli,lotus_racing,19
2011,4,istanbul,ambrosio,virgin,20
2011,4,istanbul,liuzzi,hrt,21
2011,4,istanbul,glock,virgin,22
2011,4,istanbul,karthikeyan,hrt,23
2011,5,catalunya,webber,red_bull,1
2011,5,catalunya,vettel,red_bull,2
2011,5,catalunya,hamilton,mclaren,3
2011,5,catalunya,alonso,ferrari,4
2011,5,catalunya,button,mclaren,5
2012,1,albert_park,hamilton,mclaren,1
2012,1,albert_park,button,mclaren,2
2012,1,albert_park,grosjean,lotus_f1,3
2012,1,albert_park,michael_schumacher,mercedes,4
2012,1,albert_park,webber,red_bull,5
2012,1,albert_park,vettel,red_bull,6
2012,1,albert_park,rosberg,mercedes,7
2012,1,albert_park,maldonado,williams,8
2012,1,albert_park,hulkenberg,force_india,9
2012,1,albert_park,ricciardo,toro_rosso,10
2012,1,albert_park,vergne,toro_rosso,11
2012,1,albert_park,alonso,ferrari,12
2012,1,albert_park,kobayashi,sauber,13
2012,1,albert_park,bruno_senna,williams,14
2012,1,albert_park,resta,force_india,15
2012,1,albert_park,massa,ferrari,16
2012,1,albert_park,perez,sauber,17
2012,1,albert_park,raikkonen,lotus_f1,18
2012,1,albert_park,kovalainen,caterham,19
2012,1,albert_park,petrov,caterham,20
2012,1,albert_park,glock,marussia,21
2012,1,albert_park,pic,marussia,22
2012,1,albert_park,rosa,hrt,23
2012,1,albert_park,karthikeyan,hrt,24
2012,2,sepang,hamilton,mclaren,1
2012,2,sepang,button,mclaren,2
2012,2,sepang,michael_schumacher,mercedes,3
2012,2,sepang,webber,red_bull,4
2012,2,sepang,raikkonen,lotus_f1,5
2012,2,sepang,vettel,red_bull,6
2012,2,sepang,grosjean,lotus_f1,7
2012,2,sepang,rosberg,mercedes,8
2012,2,sepang,alonso,ferrari,9
2012,2,sepang,perez,sauber,10
2012,2,sepang,maldonado,williams,11
2012,2,sepang,massa,ferrari,12
2012,2,sepang,bruno_senna,williams,13
2012,2,sepang,resta,force_india,14
2012,2,sepang,ricciardo,toro_rosso,15
2012,2,sepang,hulkenberg,force_india,16
2012,2,sepang,kobayashi,sauber,17
2012,2,sepang,vergne,toro_rosso,18
2012,2,sepang,kovalainen,caterham,19
2012,2,sepang,petrov,caterham,20
2012,2,sepang,glock,marussia,21
2012,2,sepang,pic,marussia,22
2012,2,sepang,rosa,hrt,23
2012,2,sepang,karthikeyan,hrt,24
2012,3,shanghai,rosberg,mercedes,1
2012,3,shanghai,hamilton,mclaren,2
2012,3,shanghai,michael_schumacher,mercedes,3
2012,3,shanghai,kobayashi,sauber,4
2012,3,shanghai,raikkonen,lotus_f1,5
2012,3,shanghai,button,mclaren,6
2012,3,shanghai,webber,red_bull,7
2012,3,shanghai,perez,sauber,8
2012,3,shanghai,alonso,ferrari,9
2012,3,shanghai,grosjean,lotus_f1,10
2012,3,shanghai,vettel,red_bull,11
2012,3,shanghai,massa,ferrari,12
2012,3,shanghai,maldonado,williams,13
2012,3,shanghai,bruno_senna,williams,14
2012,3,shanghai,resta,force_india,15
2012,3,shanghai,hulkenberg,force_india,16
2012,3,shanghai,ricciardo,toro_rosso,17
2012,3,shanghai,vergne,toro_rosso,18
2012,3,shanghai,kovalainen,caterham,19
2012,3,shanghai,petrov,caterham,20
2012,3,shanghai,glock,marussia,21
2012,3,shanghai,pic,marussia,22
2012,3,shanghai,rosa,hrt,23
2012,3,shanghai,karthikeyan,hrt,24
2012,4,bahrain,vettel,red_bull,1
2012,4,bahrain,hamilton,mclaren,2
2012,4,bahrain,webber,red_bull,3
2012,4,bahrain,button,mclaren,4
2012,4,bahrain,rosberg,mercedes,5
2012,4,bahrain,ricciardo,toro_rosso,6
2012,4,bahrain,grosjean,lotus_f1,7
2012,4,bahrain,perez,sauber,8
2012,4,bahrain,alonso,ferrari,9
2012,4,bahrain,resta,force_india,10
2012,4,bahrain,raikkonen,lotus_f1,11
2012,4,bahrain,kobayashi,sauber,12
2012,4,bahrain,hulkenberg,force_india,13
2012,4,bahrain,massa,ferrari,14
2012,4,bahrain,bruno_senna,williams,15
2012,4,bahrain,kovalainen,caterham,16
2012,4,bahrain,maldonado,williams,17
2012,4,bahrain,michael_schumacher,mercedes,18
2012,4,bahrain,vergne,toro_rosso,19
2012,4,bahrain,petrov,caterham,20
2012,4,bahrain,pic,marussia,21
2012,4,bahrain,rosa,hrt,22
2012,4,bahrain,glock,marussia,23
2012,4,bahrain,karthikeyan,hrt,24
2012,5,catalunya,hamilton,mclaren,1
2012,5,catalunya,maldonado,williams,2
2012,5,catalunya,alonso,ferrari,3
2012,5,catalunya,grosjean,lotus_f1,4
2013,1,albert_park,vettel,red_bull,1
2013,1,albert_park,webber,red_bull,2
2013,1,albert_park,hamilton,mercedes,3
2013,1,albert_park,massa,ferrari,4
2013,1,albert_park,alonso,ferrari,5
2013,1,albert_park,rosberg,mercedes,6
2013,1,albert_park,raikkonen,lotus_f1,7
2013,1,albert_park,grosjean,lotus_f1,8
2013,1,albert_park,resta,force_india,9
2013,1,albert_park,button,mclaren,10
2013,1,albert_park,hulkenberg,sauber,11
2013,1,albert_park,sutil,force_india,12
2013,1,albert_park,vergne,toro_rosso,13
2013,1,albert_park,ricciardo,toro_rosso,14
2013,1,albert_park,perez,mclaren,15
2013,1,albert_park,bottas,williams,16
2013,1,albert_park,maldonado,williams,17
2013,1,albert_park,gutierrez,sauber,18
2013,1,albert_park,jules_bianchi,marussia,19
2013,1,albert_park,chilton,marussia,20
2013,1,albert_park,garde,caterham,21
2013,1,albert_park,pic,caterham,22
2013,2,sepang,vettel,red_bull,1
2013,2,sepang,massa,ferrari,2
2013,2,sepang,alonso,ferrari,3
2013,2,sepang,hamilton,mercedes,4
2013,2,sepang,webber,red_bull,5
2013,2,sepang,rosberg,mercedes,6
2013,2,sepang,raikkonen,lotus_f1,7
2013,2,sepang,button,mclaren,8
2013,2,sepang,sutil,force_india,9
2013,2,sepang,perez,mclaren,10
2013,2,sepang,grosjean,lotus_f1,11
2013,2,sepang,hulkenberg,sauber,12
2013,2,sepang,ricciardo,toro_rosso,13
2013,2,sepang,gutierrez,sauber,14
2013,2,sepang,resta,force_india,15
2013,2,sepang,maldonado,williams,16
2013,2,sepang,vergne,toro_rosso,17
2013,2,sepang,bottas,williams,18
2013,2,sepang,jules_bianchi,marussia,19
2013,2,sepang,pic,caterham,20
2013,2,sepang,chilton,marussia,21
2013,2,sepang,garde,caterham,22
2013,3,shanghai,hamilton,mercedes,1
2013,3,shanghai,raikkonen,lotus_f1,2
2013,3,shanghai,alonso,ferrari,3
2013,3,shanghai,rosberg,mercedes,4
2013,3,shanghai,massa,ferrari,5
2013,3,shanghai,grosjean,lotus_f1,6
2013,3,shanghai,ricciardo,toro_rosso,7
2013,3,shanghai,button,mclaren,8
2013,3,shanghai,vettel,red_bull,9
2013,3,shanghai,hulkenberg,sauber,10
2013,3,shanghai,resta,force_india,11
2013,3,shanghai,perez,mclaren,12
2013,3,shanghai,sutil,force_india,13
2013,3,shanghai,webber,red_bull,14
2013,3,shanghai,maldonado,williams,15
2013,3,shanghai,vergne,toro_rosso,16
2013,3,shanghai,bottas,williams,17
2013,3,shanghai,gutierrez,sauber,18
2013,3,shanghai,jules_bianchi,marussia,19
2013,3,shanghai,chilton,marussia,20
2013,3,shanghai,pic,caterham,21
2013,3,shanghai,garde,caterham,22
2013,4,bahrain,rosberg,mercedes,1
2013,4,bahrain,vettel,red_bull,2
2013,4,bahrain,alonso,ferrari,3
2013,4,bahrain,hamilton,mercedes,4
2013,4,bahrain,webber,red_bull,5
2013,4,bahrain,massa,ferrari,6
2013,4,bahrain,resta,force_india,7
2013,4,bahrain,sutil,force_india,8
2013,4,bahrain,raikkonen,lotus_f1,9
2013,4,bahrain,button,mclaren,10
2013,4,bahrain,grosjean,lotus_f1,11
2013,4,bahrain,perez,mclaren,12
2013,4,bahrain,ricciardo,toro_rosso,13
2013,4,bahrain,hulkenberg,sauber,14
2013,4,bahrain,bottas,williams,15
2013,4,bahrain,vergne,toro_rosso,16
2013,4,bahrain,maldonado,williams,17
2013,4,bahrain,gutierrez,sauber,18
2013,4,bahrain,pic,caterham,19
2013,4,bahrain,jules_bianchi,marussia,20
2013,4,bahrain,garde,caterham,21
2013,4,bahrain,chilton,marussia,22
2013,5,catalunya,rosberg,mercedes,1
2013,5,catalunya,hamilton,mercedes,2
2013,5,catalunya,vettel,red_bull,3
2013,5,catalunya,raikkonen,lotus_f1,4
2013,5,catalunya,alonso,ferrari,5
2013,5,catalunya,massa,ferrari,6
2013,5,catalunya,grosjean,lotus_f1,7
2013,5,catalunya,webber,red_bull,8
2013,5,catalunya,perez,mclaren,9
2013,5,catalunya,resta,force_india,10
2013,5,catalunya,ricciardo,toro_rosso,11
2013,5,catalunya,vergne,toro_rosso,12
2014,1,albert_park,hamilton,mercedes,1
2014,1,albert_park,ricciardo,red_bull,2
2014,1,albert_park,rosberg,mercedes,3
2014,1,albert_park,kevin_magnussen,mclaren,4
2014,1,albert_park,alonso,ferrari,5
2014,1,albert_park,vergne,toro_rosso,6
2014,1,albert_park,hulkenberg,force_india,7
2014,1,albert_park,kvyat,toro_rosso,8
2014,1,albert_park,massa,williams,9
2014,1,albert_park,bottas,williams,10
2014,1,albert_park,button,mclaren,11
2014,1,albert_park,raikkonen,ferrari,12
2014,1,albert_park,vettel,red_bull,13
2014,1,albert_park,sutil,sauber,14
2014,1,albert_park,kobayashi,caterham,15
2014,1,albert_park,perez,force_india,16
2014,1,albert_park,chilton,marussia,17
2014,1,albert_park,jules_bianchi,marussia,18
2014,1,albert_park,gutierrez,sauber,19
2014,1,albert_park,ericsson,caterham,20
2014,1,albert_park,grosjean,lotus_f1,21
2014,1,albert_park,maldonado,lotus_f1,22
2014,2,sepang,hamilton,mercedes,1
2014,2,sepang,vettel,red_bull,2
2014,2,sepang,rosberg,mercedes,3
2014,2,sepang,alonso,ferrari,4
2014,2,sepang,ricciardo,red_bull,5
2014,2,sepang,raikkonen,ferrari,6
2014,2,sepang,hulkenberg,force_india,7
2014,2,sepang,kevin_magnussen,mclaren,8
2014,2,sepang,vergne,toro_rosso,9
2014,2,sepang,button,mclaren,10
2014,2,sepang,kvyat,toro_rosso,11
2014,2,sepang,gutierrez,sauber,12
2014,2,sepang,massa,williams,13
2014,2,sepang,perez,force_india,14
2014,2,sepang,bottas,williams,15
2014,2,sepang,grosjean,lotus_f1,16
2014,2,sepang,maldonado,lotus_f1,17
2014,2,sepang,sutil,sauber,18
2014,2,sepang,jules_bianchi,marussia,19
2014,2,sepang,kobayashi,caterham,20
2014,2,sepang,chilton,marussia,21
2014,2,sepang,ericsson,caterham,22
2014,3,bahrain,rosberg,mercedes,1
2014,3,bahrain,hamilton,mercedes,2
2014,3,bahrain,ricciardo,red_bull,3
2014,3,bahrain,bottas,williams,4
2014,3,bahrain,perez,force_india,5
2014,3,bahrain,raikkonen,ferrari,6
2014,3,bahrain,button,mclaren,7
2014,3,bahrain,massa,williams,8
2014,3,bahrain,kevin_magnussen,mclaren,9
2014,3,bahrain,alonso,ferrari,10
2014,3,bahrain,vettel,red_bull,11
2014,3,bahrain,hulkenberg,force_india,12
2014,3,bahrain,kvyat,toro_rosso,13
2014,3,bahrain,vergne,toro_rosso,14
2014,3,bahrain,gutierrez,sauber,15
2014,3,bahrain,grosjean,lotus_f1,16
2014,3,bahrain,maldonado,lotus_f1,17
2014,3,bahrain,sutil,sauber,18
2014,3,bahrain,kobayashi,caterham,19
2014,3,bahrain,jules_bianchi,marussia,20
2014,3,bahrain,ericsson,caterham,21
2014,3,bahrain,chilton,marussia,22
2014,4,shanghai,hamilton,mercedes,1
2014,4,shanghai,ricciardo,red_bull,2
2014,4,shanghai,vettel,red_bull,3
2014,4,shanghai,rosberg,mercedes,4
2014,4,shanghai,alonso,ferrari,5
2014,4,shanghai,massa,williams,6
2014,4,shanghai,bottas,williams,7
2014,4,shanghai,hulkenberg,force_india,8
2014,4,shanghai,vergne,toro_rosso,9
2014,4,shanghai,grosjean,lotus_f1,10
2014,4,shanghai,raikkonen,ferrari,11
2014,4,shanghai,button,mclaren,12
2014,4,shanghai,kvyat,toro_rosso,13
2014,4,shanghai,sutil,sauber,14
2014,4,shanghai,kevin_magnussen,mclaren,15
2014,4,shanghai,perez,force_india,16
2014,4,shanghai,gutierrez,sauber,17
2014,4,shanghai,kobayashi,caterham,18
2014,4,shanghai,jules_bianchi,marussia,19
2014,4,shanghai,ericsson,caterham,20
2014,4,shanghai,chilton,marussia,21
2014,4,shanghai,maldonado,lotus_f1,22
2014,5,catalunya,hamilton,mercedes,1
2014,5,catalunya,rosberg,mercedes,2
2014,5,catalunya,ricciardo,red_bull,3
2014,5,catalunya,bottas,williams,4
2014,5,catalunya,grosjean,lotus_f1,5
2014,5,catalunya,raikkonen,ferrari,6
2014,5,catalunya,alonso,ferrari,7
2014,5,catalunya,button,mclaren,8
2014,5,catalunya,massa,williams,9
2014,5,catalunya,vettel,red_bull,10
2014,5,catalunya,hulkenberg,force_india,11
2014,5,catalunya,perez,force_india,12
2015,1,albert_park,hamilton,mercedes,1
2015,1,albert_park,rosberg,mercedes,2
2015,1,albert_park,massa,williams,3
2015,1,albert_park,vettel,ferrari,4
2015,1,albert_park,raikkonen,ferrari,5
2015,1,albert_park,bottas,williams,6
2015,1,albert_park,ricciardo,red_bull,7
2015,1,albert_park,sainz,toro_rosso,8
2015,1,albert_park,grosjean,lotus_f1,9
2015,1,albert_park,maldonado,lotus_f1,10
2015,1,albert_park,nasr,sauber,11
2015,1,albert_park,max_verstappen,toro_rosso,12
2015,1,albert_park,kvyat,red_bull,13
2015,1,albert_park,hulkenberg,force_india,14
2015,1,albert_park,perez,force_india,15
2015,1,albert_park,ericsson,sauber,16
2015,1,albert_park,button,mclaren,17
2015,1,albert_park,kevin_magnussen,mclaren,18
2015,2,sepang,hamilton,mercedes,1
2015,2,sepang,vettel,ferrari,2
2015,2,sepang,rosberg,mercedes,3
2015,2,sepang,ricciardo,red_bull,4
2015,2,sepang,kvyat,red_bull,5
2015,2,sepang,max_verstappen,toro_rosso,6
2015,2,sepang,massa,williams,7
2015,2,sepang,grosjean,lotus_f1,8
2015,2,sepang,bottas,williams,9
2015,2,sepang,ericsson,sauber,10
2015,2,sepang,raikkonen,ferrari,11
2015,2,sepang,maldonado,lotus_f1,12
2015,2,sepang,hulkenberg,force_india,13
2015,2,sepang,perez,force_india,14
2015,2,sepang,sainz,toro_rosso,15
2015,2,sepang,nasr,sauber,16
2015,2,sepang,button,mclaren,17
2015,2,sepang,alonso,mclaren,18
2015,2,sepang,merhi,manor,19
2015,3,shanghai,hamilton,mercedes,1
2015,3,shanghai,rosberg,mercedes,2
2015,3,shanghai,vettel,ferrari,3
2015,3,shanghai,massa,williams,4
2015,3,shanghai,bottas,williams,5
2015,3,shanghai,raikkonen,ferrari,6
2015,3,shanghai,ricciardo,red_bull,7
2015,3,shanghai,grosjean,lotus_f1,8
2015,3,shanghai,nasr,sauber,9
2015,3,shanghai,ericsson,sauber,10
2015,3,shanghai,maldonado,lotus_f1,11
2015,3,shanghai,kvyat,red_bull,12
2015,3,shanghai,max_verstappen,toro_rosso,13
2015,3,shanghai,sainz,toro_rosso,14
2015,3,shanghai,perez,force_india,15
2015,3,shanghai,hulkenberg,force_india,16
2015,3,shanghai,button,mclaren,17
2015,3,shanghai,alonso,mclaren,18
2015,3,shanghai,stevens,manor,19
2015,3,shanghai,merhi,manor,20
2015,4,bahrain,hamilton,mercedes,1
2015,4,bahrain,vettel,ferrari,2
2015,4,bahrain,rosberg,mercedes,3
2015,4,bahrain,raikkonen,ferrari,4
2015,4,bahrain,bottas,williams,5
2015,4,bahrain,massa,williams,6
2015,4,bahrain,ricciardo,red_bull,7
2015,4,bahrain,hulkenberg,force_india,8
2015,4,bahrain,sainz,toro_rosso,9
2015,4,bahrain,grosjean,lotus_f1,10
2015,4,bahrain,perez,force_india,11
2015,4,bahrain,nasr,sauber,12
2015,4,bahrain,ericsson,sauber,13
2015,4,bahrain,alonso,mclaren,14
2015,4,bahrain,max_verstappen,toro_rosso,15
2015,4,bahrain,maldonado,lotus_f1,16
2015,4,bahrain,kvyat,red_bull,17
2015,4,bahrain,stevens,manor,18
2015,4,bahrain,merhi,manor,19
2015,5,catalunya,rosberg,mercedes,1
2015,5,catalunya,hamilton,mercedes,2
2015,5,catalunya,vettel,ferrari,3
2015,5,catalunya,bottas,williams,4
2015,5,catalunya,sainz,toro_rosso,5
2015,5,catalunya,max_verstappen,toro_rosso,6
2015,5,catalunya,raikkonen,ferrari,7
2015,5,catalunya,kvyat,red_bull,8
2015,5,catalunya,massa,williams,9
2015,5,catalunya,ricciardo,red_bull,10
2015,5,catalunya,grosjean,lotus_f1,11
2015,5,catalunya,maldonado,lotus_f1,12
2015,5,catalunya,alonso,mclaren,13
2015,5,catalunya,button,mclaren,14
2015,5,catalunya,nasr,sauber,15
2015,5,catalunya,ericsson,sauber,16
2015,5,catalunya,hulkenberg,force_india,17
2015,5,catalunya,perez,force_india,18
2015,5,catalunya,stevens,manor,19
2015,5,catalunya,merhi,manor,20
2015,6,monaco,hamilton,mercedes,1
2015,6,monaco,rosberg,mercedes,2
2015,6,monaco,vettel,ferrari,3
2015,6,monaco,ricciardo,red_bull,4
2016,1,albert_park,hamilton,mercedes,1
2016,1,albert_park,rosberg,mercedes,2
2016,1,albert_park,vettel,ferrari,3
2016,1,albert_park,raikkonen,ferrari,4
2016,1,albert_park,max_verstappen,toro_rosso,5
2016,1,albert_park,massa,williams,6
2016,1,albert_park,sainz,toro_rosso,7
2016,1,albert_park,ricciardo,red_bull,8
2016,1,albert_park,perez,force_india,9
2016,1,albert_park,hulkenberg,force_india,10
2016,1,albert_park,bottas,williams,11
2016,1,albert_park,alonso,mclaren,12
2016,1,albert_park,button,mclaren,13
2016,1,albert_park,jolyon_palmer,renault,14
2016,1,albert_park,kevin_magnussen,renault,15
2016,1,albert_park,ericsson,sauber,16
2016,1,albert_park,nasr,sauber,17
2016,1,albert_park,kvyat,red_bull,18
2016,1,albert_park,grosjean,haas,19
2016,1,albert_park,gutierrez,haas,20
2016,1,albert_park,haryanto,manor,21
2016,1,albert_park,wehrlein,manor,22
2016,2,bahrain,hamilton,mercedes,1
2016,2,bahrain,rosberg,mercedes,2
2016,2,bahrain,vettel,ferrari,3
2016,2,bahrain,raikkonen,ferrari,4
2016,2,bahrain,ricciardo,red_bull,5
2016,2,bahrain,bottas,williams,6
2016,2,bahrain,massa,williams,7
2016,2,bahrain,hulkenberg,force_india,8
2016,2,bahrain,grosjean,haas,9
2016,2,bahrain,max_verstappen,toro_rosso,10
2016,2,bahrain,sainz,toro_rosso,11
2016,2,bahrain,vandoorne,mclaren,12
2016,2,bahrain,gutierrez,haas,13
2016,2,bahrain,button,mclaren,14
2016,2,bahrain,kvyat,red_bull,15
2016,2,bahrain,wehrlein,manor,16
2016,2,bahrain,ericsson,sauber,17
2016,2,bahrain,perez,force_india,18
2016,2,bahrain,kevin_magnussen,renault,19
2016,2,bahrain,jolyon_palmer,renault,20
2016,2,bahrain,haryanto,manor,21
2016,2,bahrain,nasr,sauber,22
2016,3,shanghai,rosberg,mercedes,1
2016,3,shanghai,ricciardo,red_bull,2
2016,3,shanghai,raikkonen,ferrari,3
2016,3,shanghai,vettel,ferrari,4
2016,3,shanghai,bottas,williams,5
2016,3,shanghai,kvyat,red_bull,6
2016,3,shanghai,perez,force_india,7
2016,3,shanghai,sainz,toro_rosso,8
2016,3,shanghai,max_verstappen,toro_rosso,9
2016,3,shanghai,hulkenberg,force_india,10
2016,3,shanghai,massa,williams,11
2016,3,shanghai,alonso,mclaren,12
2016,3,shanghai,button,mclaren,13
2016,3,shanghai,grosjean,haas,14
2016,3,shanghai,ericsson,sauber,15
2016,3,shanghai,nasr,sauber,16
2016,3,shanghai,kevin_magnussen,renault,17
2016,3,shanghai,gutierrez,haas,18
2016,3,shanghai,jolyon_palmer,renault,19
2016,3,shanghai,haryanto,manor,20
2016,3,shanghai,wehrlein,manor,21
2016,3,shanghai,hamilton,mercedes,22
2016,4,sochi,rosberg,mercedes,1
2016,4,sochi,vettel,ferrari,2
2016,4,sochi,bottas,williams,3
2016,4,sochi,raikkonen,ferrari,4
2016,4,sochi,massa,williams,5
2016,4,sochi,ricciardo,red_bull,6
2016,4,sochi,perez,force_india,7
2016,4,sochi,kvyat,red_bull,8
2016,4,sochi,max_verstappen,toro_rosso,9
2016,4,sochi,hamilton,mercedes,10
2016,4,sochi,sainz,toro_rosso,11
2016,4,sochi,button,mclaren,12
2016,4,sochi,hulkenberg,force_india,13
2016,4,sochi,alonso,mclaren,14
2016,4,sochi,grosjean,haas,15
2016,4,sochi,gutierrez,haas,16
2016,4,sochi,kevin_magnussen,renault,17
2016,4,sochi,jolyon_palmer,renault,18
2016,4,sochi,nasr,sauber,19
2016,4,sochi,wehrlein,manor,20
2016,4,sochi,haryanto,manor,21
2016,4,sochi,ericsson,sauber,22
2016,5,catalunya,hamilton,mercedes,1
2016,5,catalunya,rosberg,mercedes,2
2016,5,catalunya,ricciardo,red_bull,3
2016,5,catalunya,max_verstappen,red_bull,4
2016,5,catalunya,raikkonen,ferrari,5
2016,5,catalunya,vettel,ferrari,6
2016,5,catalunya,bottas,williams,7
2016,5,catalunya,sainz,toro_rosso,8
2016,5,catalunya,perez,force_india,9
2016,5,catalunya,alonso,mclaren,10
2016,5,catalunya,hulkenberg,force_india,11
2016,5,catalunya,button,mclaren,12
2017,1,albert_park,hamilton,mercedes,1
2017,1,albert_park,vettel,ferrari,2
2017,1,albert_park,bottas,mercedes,3
2017,1,albert_park,raikkonen,ferrari,4
2017,1,albert_park,max_verstappen,red_bull,5
2017,1,albert_park,grosjean,haas,6
2017,1,albert_park,massa,williams,7
2017,1,albert_park,sainz,toro_rosso,8
2017,1,albert_park,kvyat,toro_rosso,9
2017,1,albert_park,ricciardo,red_bull,10
2017,1,albert_park,perez,force_india,11
2017,1,albert_park,hulkenberg,renault,12
2017,1,albert_park,alonso,mclaren,13
2017,1,albert_park,ocon,force_india,14
2017,1,albert_park,ericsson,sauber,15
2017,1,albert_park,giovinazzi,sauber,16
2017,1,albert_park,kevin_magnussen,haas,17
2017,1,albert_park,vandoorne,mclaren,18
2017,1,albert_park,stroll,williams,19
2017,1,albert_park,jolyon_palmer,renault,20
2017,2,shanghai,hamilton,mercedes,1
2017,2,shanghai,vettel,ferrari,2
2017,2,shanghai,bottas,mercedes,3
2017,2,shanghai,raikkonen,ferrari,4
2017,2,shanghai,ricciardo,red_bull,5
2017,2,shanghai,massa,williams,6
2017,2,shanghai,hulkenberg,renault,7
2017,2,shanghai,perez,force_india,8
2017,2,shanghai,kvyat,toro_rosso,9
2017,2,shanghai,stroll,williams,10
2017,2,shanghai,sainz,toro_rosso,11
2017,2,shanghai,kevin_magnussen,haas,12
2017,2,shanghai,alonso,mclaren,13
2017,2,shanghai,ericsson,sauber,14
2017,2,shanghai,giovinazzi,sauber,15
2017,2,shanghai,vandoorne,mclaren,16
2017,2,shanghai,grosjean,haas,17
2017,2,shanghai,jolyon_palmer,renault,18
2017,2,shanghai,max_verstappen,red_bull,19
2017,2,shanghai,ocon,force_india,20
2017,3,bahrain,bottas,mercedes,1
2017,3,bahrain,hamilton,mercedes,2
2017,3,bahrain,vettel,ferrari,3
2017,3,bahrain,ricciardo,red_bull,4
2017,3,bahrain,raikkonen,ferrari,5
2017,3,bahrain,max_verstappen,red_bull,6
2017,3,bahrain,hulkenberg,renault,7
2017,3,bahrain,massa,williams,8
2017,3,bahrain,grosjean,haas,9
2017,3,bahrain,jolyon_palmer,renault,10
2017,3,bahrain,kvyat,toro_rosso,11
2017,3,bahrain,stroll,williams,12
2017,3,bahrain,wehrlein,sauber,13
2017,3,bahrain,ocon,force_india,14
2017,3,bahrain,alonso,mclaren,15
2017,3,bahrain,sainz,toro_rosso,16
2017,3,bahrain,vandoorne,mclaren,17
2017,3,bahrain,perez,force_india,18
2017,3,bahrain,ericsson,sauber,19
2017,3,bahrain,kevin_magnussen,haas,20
2017,4,sochi,vettel,ferrari,1
2017,4,sochi,raikkonen,ferrari,2
2017,4,sochi,bottas,mercedes,3
2017,4,sochi,hamilton,mercedes,4
2017,4,sochi,ricciardo,red_bull,5
2017,4,sochi,massa,williams,6
2017,4,sochi,max_verstappen,red_bull,7
2017,4,sochi,hulkenberg,renault,8
2017,4,sochi,perez,force_india,9
2017,4,sochi,ocon,force_india,10
2017,4,sochi,sainz,toro_rosso,11
2017,4,sochi,stroll,williams,12
2017,4,sochi,kvyat,toro_rosso,13
2017,4,sochi,kevin_magnussen,haas,14
2017,4,sochi,alonso,mclaren,15
2017,4,sochi,jolyon_palmer,renault,16
2017,4,sochi,vandoorne,mclaren,17
2017,4,sochi,wehrlein,sauber,18
2017,4,sochi,ericsson,sauber,19
2017,4,sochi,grosjean,haas,20
2017,5,catalunya,hamilton,mercedes,1
2017,5,catalunya,vettel,ferrari,2
2017,5,catalunya,bottas,mercedes,3
2017,5,catalunya,raikkonen,ferrari,4
2017,5,catalunya,max_verstappen,red_bull,5
2017,5,catalunya,ricciardo,red_bull,6
2017,5,catalunya,alonso,mclaren,7
2017,5,catalunya,perez,force_india,8
2017,5,catalunya,massa,williams,9
2017,5,catalunya,ocon,force_india,10
2017,5,catalunya,kevin_magnussen,haas,11
2017,5,catalunya,sainz,toro_rosso,12
2017,5,catalunya,hulkenberg,renault,13
2017,5,catalunya,grosjean,haas,14
2017,5,catalunya,wehrlein,sauber,15
2017,5,catalunya,ericsson,sauber,16
2017,5,catalunya,jolyon_palmer,renault,17
2017,5,catalunya,stroll,williams,18
2017,5,catalunya,vandoorne,mclaren,19
2017,5,catalunya,kvyat,toro_rosso,20
2018,1,albert_park,hamilton,mercedes,1
2018,1,albert_park,raikkonen,ferrari,2
2018,1,albert_park,vettel,ferrari,3
2018,1,albert_park,max_verstappen,red_bull,4
2018,1,albert_park,ricciardo,red_bull,5
2018,1,albert_park,kevin_magnussen,haas,6
2018,1,albert_park,grosjean,haas,7
2018,1,albert_park,hulkenberg,renault,8
2018,1,albert_park,sainz,renault,9
2018,1,albert_park,bottas,mercedes,10
2018,1,albert_park,alonso,mclaren,11
2018,1,albert_park,vandoorne,mclaren,12
2018,1,albert_park,perez,force_india,13
2018,1,albert_park,stroll,williams,14
2018,1,albert_park,ocon,force_india,15
2018,1,albert_park,brendon_hartley,toro_rosso,16
2018,1,albert_park,ericsson,sauber,17
2018,1,albert_park,leclerc,sauber,18
2018,1,albert_park,sirotkin,williams,19
2018,1,albert_park,gasly,toro_rosso,20
2018,2,bahrain,vettel,ferrari,1
2018,2,bahrain,raikkonen,ferrari,2
2018,2,bahrain,bottas,mercedes,3
2018,2,bahrain,hamilton,mercedes,4
2018,2,bahrain,ricciardo,red_bull,5
2018,2,bahrain,gasly,toro_rosso,6
2018,2,bahrain,kevin_magnussen,haas,7
2018,2,bahrain,hulkenberg,renault,8
2018,2,bahrain,ocon,force_india,9
2018,2,bahrain,sainz,renault,10
2018,2,bahrain,brendon_hartley,toro_rosso,11
2018,2,bahrain,perez,force_india,12
2018,2,bahrain,alonso,mclaren,13
2018,2,bahrain,vandoorne,mclaren,14
2018,2,bahrain,max_verstappen,red_bull,15
2018,2,bahrain,grosjean,haas,16
2018,2,bahrain,ericsson,sauber,17
2018,2,bahrain,sirotkin,williams,18
2018,2,bahrain,leclerc,sauber,19
2018,2,bahrain,stroll,williams,20
2018,3,shanghai,vettel,ferrari,1
2018,3,shanghai,raikkonen,ferrari,2
2018,3,shanghai,bottas,mercedes,3
2018,3,shanghai,hamilton,mercedes,4
2018,3,shanghai,max_verstappen,red_bull,5
2018,3,shanghai,ricciardo,red_bull,6
2018,3,shanghai,hulkenberg,renault,7
2018,3,shanghai,perez,force_india,8
2018,3,shanghai,sainz,renault,9
2018,3,shanghai,grosjean,haas,10
2018,3,shanghai,kevin_magnussen,haas,11
2018,3,shanghai,ocon,force_india,12
2018,3,shanghai,alonso,mclaren,13
2018,3,shanghai,vandoorne,mclaren,14
2018,3,shanghai,brendon_hartley,toro_rosso,15
2018,3,shanghai,sirotkin,williams,16
2018,3,shanghai,gasly,toro_rosso,17
2018,3,shanghai,stroll,williams,18
2018,3,shanghai,leclerc,sauber,19
2018,3,shanghai,ericsson,sauber,20
2018,4,baku,vettel,ferrari,1
2018,4,baku,hamilton,mercedes,2
2018,4,baku,bottas,mercedes,3
2018,4,baku,ricciardo,red_bull,4
2018,4,baku,max_verstappen,red_bull,5
2018,4,baku,raikkonen,ferrari,6
2018,4,baku,ocon,force_india,7
2018,4,baku,perez,force_india,8
2018,4,baku,hulkenberg,renault,9
2018,4,baku,sainz,renault,10
2018,4,baku,stroll,williams,11
2018,4,baku,sirotkin,williams,12
2018,4,baku,alonso,mclaren,13
2018,4,baku,leclerc,sauber,14
2018,4,baku,kevin_magnussen,haas,15
2018,4,baku,vandoorne,mclaren,16
2018,4,baku,gasly,toro_rosso,17
2018,4,baku,ericsson,sauber,18
2018,4,baku,brendon_hartley,toro_rosso,19
2018,4,baku,grosjean,haas,20
2018,5,catalunya,hamilton,mercedes,1
2018,5,catalunya,bottas,mercedes,2
2018,5,catalunya,vettel,ferrari,3
2018,5,catalunya,raikkonen,ferrari,4
2018,5,catalunya,max_verstappen,red_bull,5
2018,5,catalunya,ricciardo,red_bull,6
2018,5,catalunya,kevin_magnussen,haas,7
2018,5,catalunya,alonso,mclaren,8
2018,5,catalunya,sainz,renault,9
2018,5,catalunya,grosjean,haas,10
2018,5,catalunya,vandoorne,mclaren,11
2018,5,catalunya,gasly,toro_rosso,12
2018,5,catalunya,ocon,force_india,13
2018,5,catalunya,leclerc,sauber,14
2018,5,catalunya,perez,force_india,15
2018,5,catalunya,hulkenberg,renault,16
2018,5,catalunya,ericsson,sauber,17
2018,5,catalunya,sirotkin,williams,18
2018,5,catalunya,stroll,williams,19
2018,5,catalunya,brendon_hartley,toro_rosso,20
2019,1,albert_park,hamilton,mercedes,1
2019,1,albert_park,bottas,mercedes,2
2019,1,albert_park,vettel,ferrari,3
2019,1,albert_park,max_verstappen,red_bull,4
2019,1,albert_park,leclerc,ferrari,5
2019,1,albert_park,grosjean,haas,6
2019,1,albert_park,kevin_magnussen,haas,7
2019,1,albert_park,norris,mclaren,8
2019,1,albert_park,raikkonen,alfa,9
2019,1,albert_park,perez,racing_point,10
2019,1,albert_park,hulkenberg,renault,11
2019,1,albert_park,ricciardo,renault,12
2019,1,albert_park,albon,toro_rosso,13
2019,1,albert_park,giovinazzi,alfa,14
2019,1,albert_park,kvyat,toro_rosso,15
2019,1,albert_park,stroll,racing_point,16
2019,1,albert_park,gasly,red_bull,17
2019,1,albert_park,sainz,mclaren,18
2019,1,albert_park,russell,williams,19
2019,1,albert_park,kubica,williams,20
2019,2,bahrain,leclerc,ferrari,1
2019,2,bahrain,vettel,ferrari,2
2019,2,bahrain,hamilton,mercedes,3
2019,2,bahrain,bottas,mercedes,4
2019,2,bahrain,max_verstappen,red_bull,5
2019,2,bahrain,kevin_magnussen,haas,6
2019,2,bahrain,sainz,mclaren,7
2019,2,bahrain,grosjean,haas,8
2019,2,bahrain,raikkonen,alfa,9
2019,2,bahrain,norris,mclaren,10
2019,2,bahrain,ricciardo,renault,11
2019,2,bahrain,albon,toro_rosso,12
2019,2,bahrain,gasly,red_bull,13
2019,2,bahrain,perez,racing_point,14
2019,2,bahrain,kvyat,toro_rosso,15
2019,2,bahrain,giovinazzi,alfa,16
2019,2,bahrain,hulkenberg,renault,17
2019,2,bahrain,stroll,racing_point,18
2019,2,bahrain,russell,williams,19
2019,2,bahrain,kubica,williams,20
2019,3,shanghai,bottas,mercedes,1
2019,3,shanghai,hamilton,mercedes,2
2019,3,shanghai,vettel,ferrari,3
2019,3,shanghai,leclerc,ferrari,4
2019,3,shanghai,max_verstappen,red_bull,5
2019,3,shanghai,gasly,red_bull,6
2019,3,shanghai,ricciardo,renault,7
2019,3,shanghai,hulkenberg,renault,8
2019,3,shanghai,kevin_magnussen,haas,9
2019,3,shanghai,grosjean,haas,10
2019,3,shanghai,kvyat,toro_rosso,11
2019,3,shanghai,perez,racing_point,12
2019,3,shanghai,raikkonen,alfa,13
2019,3,shanghai,sainz,mclaren,14
2019,3,shanghai,norris,mclaren,15
2019,3,shanghai,stroll,racing_point,16
2019,3,shanghai,russell,williams,17
2019,3,shanghai,kubica,williams,18
2019,4,baku,bottas,mercedes,1
2019,4,baku,hamilton,mercedes,2
2019,4,baku,vettel,ferrari,3
2019,4,baku,max_verstappen,red_bull,4
2019,4,baku,perez,racing_point,5
2019,4,baku,kvyat,toro_rosso,6
2019,4,baku,norris,mclaren,7
2019,4,baku,giovinazzi,alfa,8
2019,4,baku,leclerc,ferrari,9
2019,4,baku,sainz,mclaren,10
2019,4,baku,ricciardo,renault,11
2019,4,baku,albon,toro_rosso,12
2019,4,baku,kevin_magnussen,haas,13
2019,4,baku,stroll,racing_point,14
2019,4,baku,grosjean,haas,15
2019,4,baku,hulkenberg,renault,16
2019,4,baku,russell,williams,17
2019,4,baku,kubica,williams,18
2019,4,baku,raikkonen,alfa,19
2019,4,baku,gasly,red_bull,20
2019,5,catalunya,bottas,mercedes,1
2019,5,catalunya,hamilton,mercedes,2
2019,5,catalunya,vettel,ferrari,3
2019,5,catalunya,max_verstappen,red_bull,4
2019,5,catalunya,leclerc,ferrari,5
2019,5,catalunya,gasly,red_bull,6
2019,5,catalunya,grosjean,haas,7
2019,5,catalunya,kevin_magnussen,haas,8
2019,5,catalunya,kvyat,toro_rosso,9
2019,5,catalunya,ricciardo,renault,10
2019,5,catalunya,norris,mclaren,11
2019,5,catalunya,albon,toro_rosso,12
2019,5,catalunya,sainz,mclaren,13
2019,5,catalunya,raikkonen,alfa,14
2019,5,catalunya,perez,racing_point,15
2019,5,catalunya,hulkenberg,renault,16
2019,5,catalunya,stroll,racing_point,17
2019,5,catalunya,giovinazzi,alfa,18
2019,5,catalunya,russell,williams,19
2019,5,catalunya,kubica,williams,20
2019,6,monaco,hamilton,mercedes,1
2019,6,monaco,bottas,mercedes,2
2020,1,red_bull_ring,bottas,mercedes,1
2020,1,red_bull_ring,hamilton,mercedes,2
2020,1,red_bull_ring,max_verstappen,red_bull,3
2020,1,red_bull_ring,norris,mclaren,4
2020,1,red_bull_ring,albon,red_bull,5
2020,1,red_bull_ring,perez,racing_point,6
2020,1,red_bull_ring,leclerc,ferrari,7
2020,1,red_bull_ring,sainz,mclaren,8
2020,1,red_bull_ring,stroll,racing_point,9
2020,1,red_bull_ring,ricciardo,renault,10
2020,1,red_bull_ring,vettel,ferrari,11
2020,1,red_bull_ring,gasly,alphatauri,12
2020,1,red_bull_ring,kvyat,alphatauri,13
2020,1,red_bull_ring,ocon,renault,14
2020,1,red_bull_ring,grosjean,haas,15
2020,1,red_bull_ring,kevin_magnussen,haas,16
2020,1,red_bull_ring,russell,williams,17
2020,1,red_bull_ring,giovinazzi,alfa,18
2020,1,red_bull_ring,raikkonen,alfa,19
2020,1,red_bull_ring,latifi,williams,20
2020,2,red_bull_ring,hamilton,mercedes,1
2020,2,red_bull_ring,max_verstappen,red_bull,2
2020,2,red_bull_ring,sainz,mclaren,3
2020,2,red_bull_ring,bottas,mercedes,4
2020,2,red_bull_ring,ocon,renault,5
2020,2,red_bull_ring,norris,mclaren,6
2020,2,red_bull_ring,albon,red_bull,7
2020,2,red_bull_ring,gasly,alphatauri,8
2020,2,red_bull_ring,ricciardo,renault,9
2020,2,red_bull_ring,vettel,ferrari,10
2020,2,red_bull_ring,leclerc,ferrari,11
2020,2,red_bull_ring,russell,williams,12
2020,2,red_bull_ring,stroll,racing_point,13
2020,2,red_bull_ring,kvyat,alphatauri,14
2020,2,red_bull_ring,kevin_magnussen,haas,15
2020,2,red_bull_ring,raikkonen,alfa,16
2020,2,red_bull_ring,perez,racing_point,17
2020,2,red_bull_ring,latifi,williams,18
2020,2,red_bull_ring,giovinazzi,alfa,19
2020,2,red_bull_ring,grosjean,haas,20
2020,3,hungaroring,hamilton,mercedes,1
2020,3,hungaroring,bottas,mercedes,2
2020,3,hungaroring,stroll,racing_point,3
2020,3,hungaroring,perez,racing_point,4
2020,3,hungaroring,vettel,ferrari,5
2020,3,hungaroring,leclerc,ferrari,6
2020,3,hungaroring,max_verstappen,red_bull,7
2020,3,hungaroring,norris,mclaren,8
2020,3,hungaroring,sainz,mclaren,9
2020,3,hungaroring,gasly,alphatauri,10
2020,3,hungaroring,ricciardo,renault,11
2020,3,hungaroring,russell,williams,12
2020,3,hungaroring,albon,red_bull,13
2020,3,hungaroring,ocon,renault,14
2020,3,hungaroring,latifi,williams,15
2020,3,hungaroring,kevin_magnussen,haas,16
2020,3,hungaroring,kvyat,alphatauri,17
2020,3,hungaroring,grosjean,haas,18
2020,3,hungaroring,giovinazzi,alfa,19
2020,3,hungaroring,raikkonen,alfa,20
2020,4,silverstone,hamilton,mercedes,1
2020,4,silverstone,bottas,mercedes,2
2020,4,silverstone,max_verstappen,red_bull,3
2020,4,silverstone,leclerc,ferrari,4
2020,4,silverstone,norris,mclaren,5
2020,4,silverstone,stroll,racing_point,6
2020,4,silverstone,sainz,mclaren,7
2020,4,silverstone,ricciardo,renault,8
2020,4,silverstone,ocon,renault,9
2020,4,silverstone,vettel,ferrari,10
2020,4,silverstone,gasly,alphatauri,11
2020,4,silverstone,albon,red_bull,12
2020,4,silverstone,hulkenberg,racing_point,13
2020,4,silverstone,kvyat,alphatauri,14
2020,4,silverstone,russell,williams,15
2020,4,silverstone,kevin_magnussen,haas,16
2020,4,silverstone,giovinazzi,alfa,17
2020,4,silverstone,raikkonen,alfa,18
2020,4,silverstone,grosjean,haas,19
2020,4,silverstone,latifi,williams,20
2020,5,silverstone,bottas,mercedes,1
2020,5,silverstone,hamilton,mercedes,2
2020,5,silverstone,hulkenberg,racing_point,3
2020,5,silverstone,max_verstappen,red_bull,4
2020,5,silverstone,ricciardo,renault,5
2020,5,silverstone,stroll,racing_point,6
2020,5,silverstone,gasly,alphatauri,7
2020,5,silverstone,leclerc,ferrari,8
2020,5,silverstone,albon,red_bull,9
2020,5,silverstone,norris,mclaren,10
2020,5,silverstone,ocon,renault,11
2020,5,silverstone,vettel,ferrari,12
2020,5,silverstone,sainz,mclaren,13
2020,5,silverstone,grosjean,haas,14
2020,5,silverstone,russell,williams,15
2020,5,silverstone,kvyat,alphatauri,16
2020,5,silverstone,kevin_magnussen,haas,17
2020,5,silverstone,latifi,williams,18
2020,5,silverstone,giovinazzi,alfa,19
2020,5,silverstone,raikkonen,alfa,20
2021,1,bahrain,max_verstappen,red_bull,1
2021,1,bahrain,hamilton,mercedes,2
2021,1,bahrain,bottas,mercedes,3
2021,1,bahrain,leclerc,ferrari,4
2021,1,bahrain,gasly,alphatauri,5
2021,1,bahrain,ricciardo,mclaren,6
2021,1,bahrain,norris,mclaren,7
2021,1,bahrain,sainz,ferrari,8
2021,1,bahrain,alonso,alpine,9
2021,1,bahrain,stroll,aston_martin,10
2021,1,bahrain,perez,red_bull,11
2021,1,bahrain,giovinazzi,alfa,12
2021,1,bahrain,tsunoda,alphatauri,13
2021,1,bahrain,raikkonen,alfa,14
2021,1,bahrain,russell,williams,15
2021,1,bahrain,ocon,alpine,16
2021,1,bahrain,latifi,williams,17
2021,1,bahrain,vettel,aston_martin,18
2021,1,bahrain,mick_schumacher,haas,19
2021,1,bahrain,mazepin,haas,20
2021,2,imola,hamilton,mercedes,1
2021,2,imola,perez,red_bull,2
2021,2,imola,max_verstappen,red_bull,3
2021,2,imola,leclerc,ferrari,4
2021,2,imola,gasly,alphatauri,5
2021,2,imola,ricciardo,mclaren,6
2021,2,imola,norris,mclaren,7
2021,2,imola,bottas,mercedes,8
2021,2,imola,ocon,alpine,9
2021,2,imola,stroll,aston_martin,10
2021,2,imola,sainz,ferrari,11
2021,2,imola,russell,williams,12
2021,2,imola,vettel,aston_martin,13
2021,2,imola,latifi,williams,14
2021,2,imola,alonso,alpine,15
2021,2,imola,raikkonen,alfa,16
2021,2,imola,giovinazzi,alfa,17
2021,2,imola,mick_schumacher,haas,18
2021,2,imola,mazepin,haas,19
2021,2,imola,tsunoda,alphatauri,20
2021,3,portimao,bottas,mercedes,1
2021,3,portimao,hamilton,mercedes,2
2021,3,portimao,max_verstappen,red_bull,3
2021,3,portimao,perez,red_bull,4
2021,3,portimao,sainz,ferrari,5
2021,3,portimao,ocon,alpine,6
2021,3,portimao,norris,mclaren,7
2021,3,portimao,leclerc,ferrari,8
2021,3,portimao,gasly,alphatauri,9
2021,3,portimao,vettel,aston_martin,10
2021,3,portimao,russell,williams,11
2021,3,portimao,giovinazzi,alfa,12
2021,3,portimao,alonso,alpine,13
2021,3,portimao,tsunoda,alphatauri,14
2021,3,portimao,raikkonen,alfa,15
2021,3,portimao,ricciardo,mclaren,16
2021,3,portimao,stroll,aston_martin,17
2021,3,portimao,latifi,williams,18
2021,3,portimao,mick_schumacher,haas,19
2021,3,portimao,mazepin,haas,20
2021,4,catalunya,hamilton,mercedes,1
2021,4,catalunya,max_verstappen,red_bull,2
2021,4,catalunya,bottas,mercedes,3
2021,4,catalunya,leclerc,ferrari,4
2021,4,catalunya,ocon,alpine,5
2021,4,catalunya,sainz,ferrari,6
2021,4,catalunya,ricciardo,mclaren,7
2021,4,catalunya,perez,red_bull,8
2021,4,catalunya,norris,mclaren,9
2021,4,catalunya,alonso,alpine,10
2021,4,catalunya,stroll,aston_martin,11
2021,4,catalunya,gasly,alphatauri,12
2021,4,catalunya,vettel,aston_martin,13
2021,4,catalunya,giovinazzi,alfa,14
2021,4,catalunya,russell,williams,15
2021,4,catalunya,tsunoda,alphatauri,16
2021,4,catalunya,raikkonen,alfa,17
2021,4,catalunya,mick_schumacher,haas,18
2021,4,catalunya,latifi,williams,19
2021,4,catalunya,mazepin,haas,20
2021,5,monaco,leclerc,ferrari,1
2021,5,monaco,max_verstappen,red_bull,2
2021,5,monaco,bottas,mercedes,3
2021,5,monaco,sainz,ferrari,4
2021,5,monaco,norris,mclaren,5
2021,5,monaco,gasly,alphatauri,6
2021,5,monaco,hamilton,mercedes,7
2021,5,monaco,vettel,aston_martin,8
2021,5,monaco,perez,red_bull,9
2021,5,monaco,giovinazzi,alfa,10
2021,5,monaco,ocon,alpine,11
2021,5,monaco,ricciardo,mclaren,12
2021,5,monaco,stroll,aston_martin,13
2021,5,monaco,raikkonen,alfa,14
2021,5,monaco,russell,williams,15
2021,5,monaco,tsunoda,alphatauri,16
2021,5,monaco,alonso,alpine,17
2021,5,monaco,latifi,williams,18
2021,5,monaco,mazepin,haas,19
2021,6,baku,leclerc,ferrari,1
2022,1,bahrain,leclerc,ferrari,1
2022,1,bahrain,max_verstappen,red_bull,2
2022,1,bahrain,sainz,ferrari,3
2022,1,bahrain,perez,red_bull,4
2022,1,bahrain,hamilton,mercedes,5
2022,1,bahrain,bottas,alfa,6
2022,1,bahrain,kevin_magnussen,haas,7
2022,1,bahrain,alonso,alpine,8
2022,1,bahrain,russell,mercedes,9
2022,1,bahrain,gasly,alphatauri,10
2022,1,bahrain,ocon,alpine,11
2022,1,bahrain,mick_schumacher,haas,12
2022,1,bahrain,norris,mclaren,13
2022,1,bahrain,albon,williams,14
2022,1,bahrain,zhou,alfa,15
2022,1,bahrain,tsunoda,alphatauri,16
2022,1,bahrain,hulkenberg,aston_martin,17
2022,1,bahrain,ricciardo,mclaren,18
2022,1,bahrain,stroll,aston_martin,19
2022,1,bahrain,latifi,williams,20
2022,2,jeddah,perez,red_bull,1
2022,2,jeddah,leclerc,ferrari,2
2022,2,jeddah,sainz,ferrari,3
2022,2,jeddah,max_verstappen,red_bull,4
2022,2,jeddah,ocon,alpine,5
2022,2,jeddah,russell,mercedes,6
2022,2,jeddah,alonso,alpine,7
2022,2,jeddah,bottas,alfa,8
2022,2,jeddah,gasly,alphatauri,9
2022,2,jeddah,kevin_magnussen,haas,10
2022,2,jeddah,norris,mclaren,11
2022,2,jeddah,ricciardo,mclaren,12
2022,2,jeddah,zhou,alfa,13
2022,2,jeddah,mick_schumacher,haas,14
2022,2,jeddah,stroll,aston_martin,15
2022,2,jeddah,hamilton,mercedes,16
2022,2,jeddah,albon,williams,17
2022,2,jeddah,hulkenberg,aston_martin,18
2022,2,jeddah,latifi,williams,19
2022,2,jeddah,tsunoda,alphatauri,20
2022,3,albert_park,leclerc,ferrari,1
2022,3,albert_park,max_verstappen,red_bull,2
2022,3,albert_park,perez,red_bull,3
2022,3,albert_park,norris,mclaren,4
2022,3,albert_park,hamilton,mercedes,5
2022,3,albert_park,russell,mercedes,6
2022,3,albert_park,ricciardo,mclaren,7
2022,3,albert_park,ocon,alpine,8
2022,3,albert_park,sainz,ferrari,9
2022,3,albert_park,alonso,alpine,10
2022,3,albert_park,gasly,alphatauri,11
2022,3,albert_park,bottas,alfa,12
2022,3,albert_park,tsunoda,alphatauri,13
2022,3,albert_park,zhou,alfa,14
2022,3,albert_park,mick_schumacher,haas,15
2022,3,albert_park,albon,williams,16
2022,3,albert_park,kevin_magnussen,haas,17
2022,3,albert_park,vettel,aston_martin,18
2022,3,albert_park,latifi,williams,19
2022,3,albert_park,stroll,aston_martin,20
2022,4,imola,max_verstappen,red_bull,1
2022,4,imola,leclerc,ferrari,2
2022,4,imola,norris,mclaren,3
2022,4,imola,kevin_magnussen,haas,4
2022,4,imola,alonso,alpine,5
2022,4,imola,ricciardo,mclaren,6
2022,4,imola,perez,red_bull,7
2022,4,imola,bottas,alfa,8
2022,4,imola,vettel,aston_martin,9
2022,4,imola,sainz,ferrari,10
2022,4,imola,russell,mercedes,11
2022,4,imola,mick_schumacher,haas,12
2022,4,imola,hamilton,mercedes,13
2022,4,imola,zhou,alfa,14
2022,4,imola,stroll,aston_martin,15
2022,4,imola,tsunoda,alphatauri,16
2022,4,imola,gasly,alphatauri,17
2022,4,imola,latifi,williams,18
2022,4,imola,ocon,alpine,19
2022,4,imola,albon,williams,20
2022,5,miami,leclerc,ferrari,1
2022,5,miami,sainz,ferrari,2
2022,5,miami,max_verstappen,red_bull,3
2022,5,miami,perez,red_bull,4
2022,5,miami,bottas,alfa,5
2022,5,miami,hamilton,mercedes,6
2022,5,miami,gasly,alphatauri,7
2022,5,miami,norris,mclaren,8
2022,5,miami,tsunoda,alphatauri,9
2022,5,miami,stroll,aston_martin,10
2022,5,miami,alonso,alpine,11
2022,5,miami,russell,mercedes,12
2022,5,miami,vettel,aston_martin,13
2022,5,miami,ricciardo,mclaren,14
2022,5,miami,mick_schumacher,haas,15
2022,5,miami,kevin_magnussen,haas,16
2022,5,miami,zhou,alfa,17
2022,5,miami,albon,williams,18
2022,5,miami,latifi,williams,19
2022,5,miami,ocon,alpine,20
2023,1,bahrain,max_verstappen,red_bull,1
2023,1,bahrain,perez,red_bull,2
2023,1,bahrain,leclerc,ferrari,3
2023,1,bahrain,sainz,ferrari,4
2023,1,bahrain,alonso,aston_martin,5
2023,1,bahrain,russell,mercedes,6
2023,1,bahrain,hamilton,mercedes,7
2023,1,bahrain,stroll,aston_martin,8
2023,1,bahrain,ocon,alpine,9
2023,1,bahrain,hulkenberg,haas,10
2023,1,bahrain,norris,mclaren,11
2023,1,bahrain,bottas,alfa,12
2023,1,bahrain,zhou,alfa,13
2023,1,bahrain,tsunoda,alphatauri,14
2023,1,bahrain,albon,williams,15
2023,1,bahrain,sargeant,williams,16
2023,1,bahrain,kevin_magnussen,haas,17
2023,1,bahrain,piastri,mclaren,18
2023,1,bahrain,de_vries,alphatauri,19
2023,1,bahrain,gasly,alpine,20
2023,2,jeddah,perez,red_bull,1
2023,2,jeddah,leclerc,ferrari,2
2023,2,jeddah,alonso,aston_martin,3
2023,2,jeddah,russell,mercedes,4
2023,2,jeddah,sainz,ferrari,5
2023,2,jeddah,stroll,aston_martin,6
2023,2,jeddah,ocon,alpine,7
2023,2,jeddah,hamilton,mercedes,8
2023,2,jeddah,piastri,mclaren,9
2023,2,jeddah,gasly,alpine,10
2023,2,jeddah,hulkenberg,haas,11
2023,2,jeddah,zhou,alfa,12
2023,2,jeddah,kevin_magnussen,haas,13
2023,2,jeddah,bottas,alfa,14
2023,2,jeddah,max_verstappen,red_bull,15
2023,2,jeddah,tsunoda,alphatauri,16
2023,2,jeddah,albon,williams,17
2023,2,jeddah,de_vries,alphatauri,18
2023,2,jeddah,norris,mclaren,19
2023,2,jeddah,sargeant,williams,20
2023,3,albert_park,max_verstappen,red_bull,1
2023,3,albert_park,russell,mercedes,2
2023,3,albert_park,hamilton,mercedes,3
2023,3,albert_park,alonso,aston_martin,4
2023,3,albert_park,sainz,ferrari,5
2023,3,albert_park,stroll,aston_martin,6
2023,3,albert_park,leclerc,ferrari,7
2023,3,albert_park,albon,williams,8
2023,3,albert_park,gasly,alpine,9
2023,3,albert_park,hulkenberg,haas,10
2023,3,albert_park,ocon,alpine,11
2023,3,albert_park,tsunoda,alphatauri,12
2023,3,albert_park,norris,mclaren,13
2023,3,albert_park,kevin_magnussen,haas,14
2023,3,albert_park,de_vries,alphatauri,15
2023,3,albert_park,piastri,mclaren,16
2023,3,albert_park,zhou,alfa,17
2023,3,albert_park,sargeant,williams,18
2023,3,albert_park,bottas,alfa,19
2023,3,albert_park,perez,red_bull,20
2023,4,baku,leclerc,ferrari,1
2023,4,baku,max_verstappen,red_bull,2
2023,4,baku,perez,red_bull,3
2023,4,baku,sainz,ferrari,4
2023,4,baku,hamilton,mercedes,5
2023,4,baku,alonso,aston_martin,6
2023,4,baku,norris,mclaren,7
2023,4,baku,tsunoda,alphatauri,8
2023,4,baku,stroll,aston_martin,9
2023,4,baku,piastri,mclaren,10
2023,4,baku,russell,mercedes,11
2023,4,baku,ocon,alpine,12
2023,4,baku,albon,williams,13
2023,4,baku,bottas,alfa,14
2023,4,baku,sargeant,williams,15
2023,4,baku,zhou,alfa,16
2023,4,baku,hulkenberg,haas,17
2023,4,baku,kevin_magnussen,haas,18
2023,4,baku,gasly,alpine,19
2023,4,baku,de_vries,alphatauri,20
2023,5,miami,perez,red_bull,1
2023,5,miami,alonso,aston_martin,2
2023,5,miami,sainz,ferrari,3
2023,5,miami,kevin_magnussen,haas,4
2023,5,miami,gasly,alpine,5
2023,5,miami,russell,mercedes,6
2023,5,miami,leclerc,ferrari,7
2023,5,miami,ocon,alpine,8
2023,5,miami,max_verstappen,red_bull,9
2023,5,miami,bottas,alfa,10
2023,5,miami,albon,williams,11
2023,5,miami,hulkenberg,haas,12
2023,5,miami,hamilton,mercedes,13
2023,5,miami,zhou,alfa,14
2023,5,miami,de_vries,alphatauri,15
2023,5,miami,norris,mclaren,16
2023,5,miami,tsunoda,alphatauri,17
2023,5,miami,stroll,aston_martin,18
2023,5,miami,piastri,mclaren,19
2023,5,miami,sargeant,williams,20
2024,1,bahrain,max_verstappen,red_bull,1
2024,1,bahrain,leclerc,ferrari,2
2024,1,bahrain,russell,mercedes,3
2024,1,bahrain,sainz,ferrari,4
2024,1,bahrain,perez,red_bull,5
2024,1,bahrain,alonso,aston_martin,6
2024,1,bahrain,norris,mclaren,7
2024,1,bahrain,piastri,mclaren,8
2024,1,bahrain,hamilton,mercedes,9
2024,1,bahrain,hulkenberg,haas,10
2024,1,bahrain,tsunoda,rb,11
2024,1,bahrain,stroll,aston_martin,12
2024,1,bahrain,albon,williams,13
2024,1,bahrain,ricciardo,rb,14
2024,1,bahrain,kevin_magnussen,haas,15
2024,1,bahrain,bottas,sauber,16
2024,1,bahrain,zhou,sauber,17
2024,1,bahrain,sargeant,williams,18
2024,1,bahrain,ocon,alpine,19
2024,1,bahrain,gasly,alpine,20
2024,2,jeddah,max_verstappen,red_bull,1
2024,2,jeddah,leclerc,ferrari,2
2024,2,jeddah,perez,red_bull,3
2024,2,jeddah,alonso,aston_martin,4
2024,2,jeddah,piastri,mclaren,5
2024,2,jeddah,norris,mclaren,6
2024,2,jeddah,russell,mercedes,7
2024,2,jeddah,hamilton,mercedes,8
2024,2,jeddah,tsunoda,rb,9
2024,2,jeddah,stroll,aston_martin,10
2024,2,jeddah,bearman,ferrari,11
2024,2,jeddah,albon,williams,12
2024,2,jeddah,kevin_magnussen,haas,13
2024,2,jeddah,ricciardo,rb,14
2024,2,jeddah,hulkenberg,haas,15
2024,2,jeddah,bottas,sauber,16
2024,2,jeddah,ocon,alpine,17
2024,2,jeddah,gasly,alpine,18
2024,2,jeddah,sargeant,williams,19
2024,2,jeddah,zhou,sauber,20
2024,3,albert_park,max_verstappen,red_bull,1
2024,3,albert_park,sainz,ferrari,2
2024,3,albert_park,perez,red_bull,3
2024,3,albert_park,norris,mclaren,4
2024,3,albert_park,leclerc,ferrari,5
2024,3,albert_park,piastri,mclaren,6
2024,3,albert_park,russell,mercedes,7
2024,3,albert_park,tsunoda,rb,8
2024,3,albert_park,stroll,aston_martin,9
2024,3,albert_park,alonso,aston_martin,10
2024,3,albert_park,hamilton,mercedes,11
2024,3,albert_park,albon,williams,12
2024,3,albert_park,bottas,sauber,13
2024,3,albert_park,kevin_magnussen,haas,14
2024,3,albert_park,ocon,alpine,15
2024,3,albert_park,hulkenberg,haas,16
2024,3,albert_park,gasly,alpine,17
2024,3,albert_park,ricciardo,rb,18
2024,3,albert_park,zhou,sauber,19
2024,4,suzuka,max_verstappen,red_bull,1
2024,4,suzuka,perez,red_bull,2
2024,4,suzuka,norris,mclaren,3
2024,4,suzuka,sainz,ferrari,4
2024,4,suzuka,alonso,aston_martin,5
2024,4,suzuka,piastri,mclaren,6
2024,4,suzuka,hamilton,mercedes,7
2024,4,suzuka,leclerc,ferrari,8
2024,4,suzuka,russell,mercedes,9
2024,4,suzuka,tsunoda,rb,10
2024,4,suzuka,ricciardo,rb,11
2024,4,suzuka,hulkenberg,haas,12
2024,4,suzuka,bottas,sauber,13
2024,4,suzuka,albon,williams,14
2024,4,suzuka,ocon,alpine,15
2024,4,suzuka,stroll,aston_martin,16
2024,4,suzuka,gasly,alpine,17
2024,4,suzuka,kevin_magnussen,haas,18
2024,4,suzuka,sargeant,williams,19
2024,4,suzuka,zhou,sauber,20
2024,5,shanghai,max_verstappen,red_bull,1
2024,5,shanghai,perez,red_bull,2
2024,5,shanghai,alonso,aston_martin,3
2024,5,shanghai,norris,mclaren,4
2024,5,shanghai,piastri,mclaren,5
2024,5,shanghai,leclerc,ferrari,6
2024,5,shanghai,sainz,ferrari,7
2024,5,shanghai,russell,mercedes,8
2024,5,shanghai,hulkenberg,haas,9
2024,5,shanghai,bottas,sauber,10
2024,5,shanghai,stroll,aston_martin,11
2024,5,shanghai,ricciardo,rb,12
2024,5,shanghai,ocon,alpine,13
2024,5,shanghai,albon,williams,14
2024,5,shanghai,gasly,alpine,15
2024,5,shanghai,zhou,sauber,16
2024,5,shanghai,kevin_magnussen,haas,17
2024,5,shanghai,hamilton,mercedes,18
2024,5,shanghai,tsunoda,rb,19
2024,5,shanghai,sargeant,williams,20
2024,6,miami,max_verstappen,red_bull,1
